executor_id,from_id,processed_at,rel_type,to_id
Mo-Executor-v1,a161363dff4210fb,2026-03-07T20:01:38.557547+00:00,PROCESSED_BY,
Mo-Executor-v1,1cfd3106db299ee2,2026-03-07T20:01:43.283863+00:00,PROCESSED_BY,
Mo-Executor-v1,6c4ae3ebed9ebe11,2026-03-07T20:01:47.902115+00:00,PROCESSED_BY,
Mo-Executor-v1,1c9494d7a4c7c02f,2026-03-07T23:34:21.017855+00:00,PROCESSED_BY,
Mo-Executor-v1,c22f3b5bd471c3a4,2026-03-07T23:34:24.941388+00:00,PROCESSED_BY,
Mo-Executor-v1,1d2dca4e55ee0078,2026-03-07T23:34:49.135375+00:00,PROCESSED_BY,
Mo-Executor-v1,e3d7d053fe0b97e7,2026-03-07T23:34:53.413863+00:00,PROCESSED_BY,
Mo-Executor-v1,6f9a3058299738f0,2026-03-07T23:40:04.530223+00:00,PROCESSED_BY,
Mo-Executor-v1,d298f9ee08535169,2026-03-07T23:40:08.877527+00:00,PROCESSED_BY,
Mo-Executor-v1,e3a599332345a4db,2026-03-07T23:42:42.849551+00:00,PROCESSED_BY,
Mo-Executor-v1,c2993d43f74ceb09,2026-03-07T23:42:47.132802+00:00,PROCESSED_BY,
Mo-Executor-v1,e53f2f150e9949fc,2026-03-07T23:42:52.975530+00:00,PROCESSED_BY,
Mo-Executor-v1,dad4694921815878,2026-03-07T23:43:35.565284+00:00,PROCESSED_BY,
Mo-Executor-v1,38f33fedc0ecf4d7,2026-03-07T23:43:39.896100+00:00,PROCESSED_BY,
Mo-Executor-v1,e241b6b9822ee9e8,2026-03-07T23:43:44.086047+00:00,PROCESSED_BY,
Mo-Executor-v1,37e2b56ac429ec73,2026-03-07T23:44:08.738276+00:00,PROCESSED_BY,
Mo-Executor-v1,a7c16c2ce29bd67b,2026-03-07T23:44:12.812539+00:00,PROCESSED_BY,
Mo-Executor-v1,0050e6909cd6759f,2026-03-07T23:44:17.469735+00:00,PROCESSED_BY,
Mo-Executor-v1,4521c7e3a6c2fd3d,2026-03-07T23:48:49.900608+00:00,PROCESSED_BY,
Mo-Executor-v1,b7c7284d15ef4b60,2026-03-07T23:50:03.318378+00:00,PROCESSED_BY,
Mo-Executor-v1,55638720c9564d0e,2026-03-07T23:50:07.768639+00:00,PROCESSED_BY,
Mo-Executor-v1,590019355e7b81e6,2026-03-08T00:03:27.954201+00:00,PROCESSED_BY,
Mo-Executor-v1,7e931e033a0d22a2,2026-03-08T00:03:31.709157+00:00,PROCESSED_BY,
Mo-Executor-v1,a4e432df788347d3,2026-03-08T00:03:35.815679+00:00,PROCESSED_BY,
Mo-Executor-v1,1e13585b28607f70,2026-03-08T00:29:32.878214+00:00,PROCESSED_BY,
Mo-Executor-v1,d8d7b5200618ac7b,2026-03-08T00:29:37.970185+00:00,PROCESSED_BY,
Mo-Executor-v1,22fa16ff0d2428e8,2026-03-08T00:29:42.115778+00:00,PROCESSED_BY,
Mo-Executor-v1,02a525e4aaa7d93c,2026-03-08T01:04:12.053271+00:00,PROCESSED_BY,
Mo-Executor-v1,9d407baa7e584e23,2026-03-08T01:04:16.159162+00:00,PROCESSED_BY,
Mo-Executor-v1,b644ee35e70145b7,2026-03-08T01:04:20.038581+00:00,PROCESSED_BY,
Mo-Executor-v1,4eb7687e67ef0f7f,2026-03-08T01:04:24.256649+00:00,PROCESSED_BY,
Mo-Executor-v1,0942b4d106adaa34,2026-03-08T01:04:28.362990+00:00,PROCESSED_BY,
Mo-Executor-v1,620d6882a55aec20,2026-03-08T01:04:32.558771+00:00,PROCESSED_BY,
Mo-Executor-v1,cf28168e154065ed,2026-03-08T01:04:36.837717+00:00,PROCESSED_BY,
Mo-Executor-v1,cef7eade851ebbd2,2026-03-08T01:04:41.101005+00:00,PROCESSED_BY,
Mo-Executor-v1,28c496338f3c09d4,2026-03-08T01:04:45.184175+00:00,PROCESSED_BY,
Mo-Executor-v1,522dde7dd195dd55,2026-03-08T01:04:49.569414+00:00,PROCESSED_BY,
Mo-Executor-v1,adf4ce436c00832a,2026-03-08T01:05:33.865442+00:00,PROCESSED_BY,
Mo-Executor-v1,4f5468fb46bf68ea,2026-03-08T01:05:38.073909+00:00,PROCESSED_BY,
Mo-Executor-v1,7bac76379e227e34,2026-03-08T01:05:44.107023+00:00,PROCESSED_BY,
Mo-Executor-v1,9dfd151f6a66f149,2026-03-08T01:05:48.133472+00:00,PROCESSED_BY,
Mo-Executor-v1,594fa015ad5aa90a,2026-03-08T01:05:52.010738+00:00,PROCESSED_BY,
Mo-Executor-v1,9823b3e3852677c1,2026-03-08T01:05:56.367760+00:00,PROCESSED_BY,
Mo-Executor-v1,a4175c98bff55e01,2026-03-08T01:06:00.680150+00:00,PROCESSED_BY,
Mo-Executor-v1,eddb22bdab8fd9eb,2026-03-08T01:06:05.219065+00:00,PROCESSED_BY,
Mo-Executor-v1,a6db6ab8a7c35b48,2026-03-08T01:06:11.575113+00:00,PROCESSED_BY,
Mo-Executor-v1,bac9fc5604a8d32a,2026-03-08T01:06:16.077169+00:00,PROCESSED_BY,
Mo-Executor-v1,e051dd4ef97689bd,2026-03-08T01:06:48.424431+00:00,PROCESSED_BY,
Mo-Executor-v1,f3ea6c02245632b5,2026-03-08T01:07:20.922395+00:00,PROCESSED_BY,
Mo-Executor-v1,926e90124a32e86e,2026-03-08T01:07:38.972061+00:00,PROCESSED_BY,
Mo-Executor-v1,df64b1eee9301e09,2026-03-08T01:08:11.330742+00:00,PROCESSED_BY,
Mo-Executor-v1,547cc0e641c22530,2026-03-08T01:08:37.474430+00:00,PROCESSED_BY,
Mo-Executor-v1,0cc4cc62ca805ae1,2026-03-08T01:09:01.645426+00:00,PROCESSED_BY,
Mo-Executor-v1,b390ff8a965d2d41,2026-03-08T01:09:05.800385+00:00,PROCESSED_BY,
Mo-Executor-v1,36f8368bdf067228,2026-03-08T01:09:10.180940+00:00,PROCESSED_BY,
Mo-Executor-v1,404b4a1ee6a8a643,2026-03-08T01:09:14.704487+00:00,PROCESSED_BY,
Mo-Executor-v1,2ed0dffc7489afa8,2026-03-08T01:09:19.134354+00:00,PROCESSED_BY,
Mo-Executor-v1,ae9eaa6b96eb34ca,2026-03-08T01:09:23.610320+00:00,PROCESSED_BY,
Mo-Executor-v1,bd755938e0a0edd9,2026-03-08T01:09:27.916946+00:00,PROCESSED_BY,
Mo-Executor-v1,67b1401bf206a1de,2026-03-08T01:09:32.266103+00:00,PROCESSED_BY,
Mo-Executor-v1,75fcbc909d491654,2026-03-08T01:09:36.389130+00:00,PROCESSED_BY,
Mo-Executor-v1,b4499e4f78b7c356,2026-03-08T01:09:40.746421+00:00,PROCESSED_BY,
Mo-Executor-v1,c5cb2e49a5d2e1b3,2026-03-08T01:09:44.914501+00:00,PROCESSED_BY,
Mo-Executor-v1,94730a8c2b429247,2026-03-08T01:09:49.358602+00:00,PROCESSED_BY,
Mo-Executor-v1,cbca7bfa9e338ca7,2026-03-08T01:09:53.389058+00:00,PROCESSED_BY,
Mo-Executor-v1,1d62a3add5e72ef4,2026-03-08T01:09:57.570128+00:00,PROCESSED_BY,
Mo-Executor-v1,dafb9ca40e85bf72,2026-03-08T01:11:33.701528+00:00,PROCESSED_BY,
Mo-Executor-v1,e3c7c972d69107d9,2026-03-08T01:11:37.783077+00:00,PROCESSED_BY,
Mo-Executor-v1,70c5c21f72281c4e,2026-03-08T01:11:43.414958+00:00,PROCESSED_BY,
Mo-Executor-v1,46c845722e84cf47,2026-03-08T01:11:47.640539+00:00,PROCESSED_BY,
Mo-Executor-v1,f1308343f726e6c1,2026-03-08T01:11:51.721885+00:00,PROCESSED_BY,
Mo-Executor-v1,5d8f5c7006000995,2026-03-08T01:11:56.388008+00:00,PROCESSED_BY,
Mo-Executor-v1,bf7ac827cb855a4c,2026-03-08T01:12:00.892791+00:00,PROCESSED_BY,
Mo-Executor-v1,8543a643547e0b8b,2026-03-08T01:12:05.679023+00:00,PROCESSED_BY,
Mo-Executor-v1,d78ef02d750c084a,2026-03-08T01:12:10.209863+00:00,PROCESSED_BY,
Mo-Executor-v1,1edc01d73c1c14e1,2026-03-08T01:12:14.449279+00:00,PROCESSED_BY,
Mo-Executor-v1,67153325483ac02a,2026-03-08T01:12:18.533353+00:00,PROCESSED_BY,
Mo-Executor-v1,caf4207349313ac5,2026-03-08T01:12:50.863688+00:00,PROCESSED_BY,
Mo-Executor-v1,2446d8ad53a2ad97,2026-03-08T01:13:12.067389+00:00,PROCESSED_BY,
Mo-Executor-v1,373d20a4ebae5dd3,2026-03-08T01:13:44.521357+00:00,PROCESSED_BY,
Mo-Executor-v1,99636cbab563479b,2026-03-08T01:14:04.822254+00:00,PROCESSED_BY,
Mo-Executor-v1,7eaf71c05ed5c474,2026-03-08T01:14:34.501658+00:00,PROCESSED_BY,
Mo-Executor-v1,838c1afe554635a0,2026-03-08T01:14:38.414284+00:00,PROCESSED_BY,
Mo-Executor-v1,35d95ccf6df3edf3,2026-03-08T01:14:42.665986+00:00,PROCESSED_BY,
Mo-Executor-v1,82a4ab2712d4855d,2026-03-08T01:14:47.172399+00:00,PROCESSED_BY,
Mo-Executor-v1,2bb5e23fd4b75f17,2026-03-08T01:14:51.582311+00:00,PROCESSED_BY,
Mo-Executor-v1,49888fdb40a2a6e2,2026-03-08T01:15:23.985578+00:00,PROCESSED_BY,
Mo-Executor-v1,13fd13b272978c3a,2026-03-08T01:15:57.626989+00:00,PROCESSED_BY,
Mo-Executor-v1,df934af29021adb6,2026-03-08T01:16:30.263708+00:00,PROCESSED_BY,
Mo-Executor-v1,17e639fd944515f7,2026-03-08T01:16:43.593233+00:00,PROCESSED_BY,
Mo-Executor-v1,34653354f34ff345,2026-03-08T01:16:47.885646+00:00,PROCESSED_BY,
Mo-Executor-v1,2b871a400aafc118,2026-03-08T01:16:52.087851+00:00,PROCESSED_BY,
Mo-Executor-v1,368a10c43aa1ec22,2026-03-08T01:16:56.284501+00:00,PROCESSED_BY,
Mo-Executor-v1,53a7cb8517003374,2026-03-08T01:17:00.469117+00:00,PROCESSED_BY,
Mo-Executor-v1,d5120e0e1a10c38b,2026-03-08T01:17:04.716226+00:00,PROCESSED_BY,
Mo-Executor-v1,566bc22ce48c28e1,2026-03-08T02:28:36.317008+00:00,PROCESSED_BY,
Mo-Executor-v1,3cfb531d2e0e9bdf,2026-03-08T02:29:10.877401+00:00,PROCESSED_BY,
Mo-Executor-v1,f1364df558dcd6db,2026-03-08T02:29:20.320450+00:00,PROCESSED_BY,
Mo-Executor-v1,74f79b88d643fb99,2026-03-08T02:29:24.715963+00:00,PROCESSED_BY,
Mo-Executor-v1,c6297fb8933a5395,2026-03-08T02:29:29.005978+00:00,PROCESSED_BY,
Mo-Executor-v1,54e215d7a30db634,2026-03-08T02:29:33.577214+00:00,PROCESSED_BY,
Mo-Executor-v1,2267f0a96d869e0e,2026-03-08T02:29:37.665829+00:00,PROCESSED_BY,
Mo-Executor-v1,d500972c3c68ea22,2026-03-08T02:29:41.657865+00:00,PROCESSED_BY,
Mo-Executor-v1,807c15e9b0534eab,2026-03-08T06:02:57.523960+00:00,PROCESSED_BY,
Mo-Executor-v1,d3eb5a3790c85709,2026-03-08T06:03:01.885404+00:00,PROCESSED_BY,
Mo-Executor-v1,c3a0e4682123117a,2026-03-08T06:03:06.468189+00:00,PROCESSED_BY,
Mo-Executor-v1,f234c4924a013179,2026-03-08T06:03:10.931633+00:00,PROCESSED_BY,
Mo-Executor-v1,15162b50fba5f2be,2026-03-08T06:03:15.782868+00:00,PROCESSED_BY,
Mo-Executor-v1,2391b205caaf02a9,2026-03-08T06:03:20.469399+00:00,PROCESSED_BY,
Mo-Executor-v1,abb740fbb059487e,2026-03-08T06:03:25.003582+00:00,PROCESSED_BY,
Mo-Executor-v1,3bb8f92f03b1e975,2026-03-08T06:03:29.850665+00:00,PROCESSED_BY,
Mo-Executor-v1,f388975b69882d02,2026-03-08T06:03:34.660805+00:00,PROCESSED_BY,
Mo-Executor-v1,624acba17edd066c,2026-03-08T06:03:39.492372+00:00,PROCESSED_BY,
Mo-Executor-v1,0ec5f9f9dd7a1e5f,2026-03-08T06:03:44.153870+00:00,PROCESSED_BY,
Mo-Executor-v1,de417010559fb40d,2026-03-08T06:03:49.455949+00:00,PROCESSED_BY,
Mo-Executor-v1,178d9a11e1aa483c,2026-03-08T06:03:54.567036+00:00,PROCESSED_BY,
Mo-Executor-v1,add3007d6d63dee1,2026-03-08T06:03:59.965313+00:00,PROCESSED_BY,
Mo-Executor-v1,2eaefe5d1a17d9eb,2026-03-08T06:04:05.138272+00:00,PROCESSED_BY,
Mo-Executor-v1,f19febce15687c5c,2026-03-08T06:04:10.308335+00:00,PROCESSED_BY,
Mo-Executor-v1,dc1456e0fe6b16d6,2026-03-08T06:04:15.070369+00:00,PROCESSED_BY,
Mo-Executor-v1,58653ae5ed92c388,2026-03-08T06:04:20.012936+00:00,PROCESSED_BY,
Mo-Executor-v1,637884b96d1fed61,2026-03-08T06:04:24.987920+00:00,PROCESSED_BY,
Mo-Executor-v1,07b086b62cd8608e,2026-03-08T06:04:29.891803+00:00,PROCESSED_BY,
Mo-Executor-v1,c3f9a2dfd2c5ca3d,2026-03-08T06:04:35.481823+00:00,PROCESSED_BY,
Mo-Executor-v1,8de8ecae029bb936,2026-03-08T06:04:40.601283+00:00,PROCESSED_BY,
Mo-Executor-v1,f10de52815f6e9ae,2026-03-08T06:04:45.665330+00:00,PROCESSED_BY,
Mo-Executor-v1,d3dbfd2ad3f759ab,2026-03-08T06:04:50.597703+00:00,PROCESSED_BY,
Mo-Executor-v1,2a24daa4fb0f1817,2026-03-08T06:04:55.631670+00:00,PROCESSED_BY,
Mo-Executor-v1,acd6f0924c8d45c0,2026-03-08T06:05:00.713988+00:00,PROCESSED_BY,
Mo-Executor-v1,5f7dd962196717d5,2026-03-08T06:05:05.938453+00:00,PROCESSED_BY,
Mo-Executor-v1,2cddb61f5ef52047,2026-03-08T06:05:11.062875+00:00,PROCESSED_BY,
Mo-Executor-v1,0f45f8f6c891bcba,2026-03-08T06:05:16.112022+00:00,PROCESSED_BY,
Mo-Executor-v1,3540f7abbb026923,2026-03-08T06:05:21.594736+00:00,PROCESSED_BY,
Mo-Executor-v1,03b300e2cbe61e4e,2026-03-08T06:05:26.776697+00:00,PROCESSED_BY,
Mo-Executor-v1,67af5773254d23a6,2026-03-08T06:05:31.659838+00:00,PROCESSED_BY,
Mo-Executor-v1,afe2191e9844f8dd,2026-03-08T06:05:36.964738+00:00,PROCESSED_BY,
Mo-Executor-v1,cfc4b1b99a7bbd15,2026-03-08T06:05:43.925820+00:00,PROCESSED_BY,
Mo-Executor-v1,d228a0b13edb6ce1,2026-03-08T06:05:49.039621+00:00,PROCESSED_BY,
Mo-Executor-v1,c4b63f333a40d08c,2026-03-08T06:05:54.210488+00:00,PROCESSED_BY,
Mo-Executor-v1,9d3b6d54b050938c,2026-03-08T06:05:59.406465+00:00,PROCESSED_BY,
Mo-Executor-v1,8e26ca74095ad0d7,2026-03-08T06:06:04.583916+00:00,PROCESSED_BY,
Mo-Executor-v1,a72a125a0f7724f7,2026-03-08T06:06:09.390639+00:00,PROCESSED_BY,
Mo-Executor-v1,d8b91cc6fbf14d74,2026-03-08T06:06:14.873780+00:00,PROCESSED_BY,
Mo-Executor-v1,482b409269b83c1c,2026-03-08T06:06:20.321226+00:00,PROCESSED_BY,
Mo-Executor-v1,de91d10a20627ef1,2026-03-08T06:06:25.741616+00:00,PROCESSED_BY,
Mo-Executor-v1,4c0f376dd5cd908b,2026-03-08T06:06:30.997752+00:00,PROCESSED_BY,
Mo-Executor-v1,aeef74f0f08e0dd9,2026-03-08T06:06:37.230614+00:00,PROCESSED_BY,
Mo-Executor-v1,b5dea0c27ef59db2,2026-03-08T06:06:42.856624+00:00,PROCESSED_BY,
Mo-Executor-v1,ed64fc89229cc852,2026-03-08T06:06:48.510933+00:00,PROCESSED_BY,
Mo-Executor-v1,e1abecf207967f6e,2026-03-08T06:06:54.387751+00:00,PROCESSED_BY,
Mo-Executor-v1,545544a70462a383,2026-03-08T06:07:00.292204+00:00,PROCESSED_BY,
Mo-Executor-v1,6ab646334a74787b,2026-03-08T06:07:06.262946+00:00,PROCESSED_BY,
Mo-Executor-v1,c4e0fc1af2c66339,2026-03-08T06:07:11.741902+00:00,PROCESSED_BY,
Mo-Executor-v1,6e3eefedad0f1006,2026-03-08T06:07:16.791314+00:00,PROCESSED_BY,
Mo-Executor-v1,c9d53adedf316eb2,2026-03-08T06:07:22.170094+00:00,PROCESSED_BY,
Mo-Executor-v1,625ed45987d7a1e1,2026-03-08T06:07:27.335260+00:00,PROCESSED_BY,
Mo-Executor-v1,445a81f4dda2a29e,2026-03-08T06:07:32.728759+00:00,PROCESSED_BY,
Mo-Executor-v1,1f634f540b52ccbc,2026-03-08T06:07:38.637509+00:00,PROCESSED_BY,
Mo-Executor-v1,fa733c7f5cb50e46,2026-03-08T06:07:45.412735+00:00,PROCESSED_BY,
Mo-Executor-v1,65d13cd101d9009e,2026-03-08T06:07:50.442172+00:00,PROCESSED_BY,
Mo-Executor-v1,65ca584132ad5311,2026-03-08T06:07:55.671224+00:00,PROCESSED_BY,
Mo-Executor-v1,0711f47ead47ec5f,2026-03-08T06:08:00.787745+00:00,PROCESSED_BY,
Mo-Executor-v1,f145404ba38759d1,2026-03-08T06:08:05.929693+00:00,PROCESSED_BY,
Mo-Executor-v1,1a1288d825fcd47a,2026-03-08T06:08:11.427679+00:00,PROCESSED_BY,
Mo-Executor-v1,49d9b69fd72af605,2026-03-08T06:08:16.757565+00:00,PROCESSED_BY,
Mo-Executor-v1,8466f62e378d93c2,2026-03-08T06:08:21.923898+00:00,PROCESSED_BY,
Mo-Executor-v1,36874d50393cf25a,2026-03-08T06:08:27.038571+00:00,PROCESSED_BY,
Mo-Executor-v1,6ccc9deb830b9c30,2026-03-08T06:08:32.826633+00:00,PROCESSED_BY,
Mo-Executor-v1,de7d879684cb7cf6,2026-03-08T06:08:38.041542+00:00,PROCESSED_BY,
Mo-Executor-v1,bd86f6ee6b3b3c8d,2026-03-08T06:08:43.585999+00:00,PROCESSED_BY,
Mo-Executor-v1,54f31f527c5a039b,2026-03-08T06:08:48.906927+00:00,PROCESSED_BY,
Mo-Executor-v1,1932e3bcaee58211,2026-03-08T06:08:54.493058+00:00,PROCESSED_BY,
Mo-Executor-v1,1451a93b291b44c9,2026-03-08T06:09:00.477035+00:00,PROCESSED_BY,
Mo-Executor-v1,ea9ea282becf3d4d,2026-03-08T06:09:05.970333+00:00,PROCESSED_BY,
Mo-Executor-v1,72521a217edbd7c9,2026-03-08T06:09:11.608634+00:00,PROCESSED_BY,
Mo-Executor-v1,452e8d03e1d0e0e8,2026-03-08T06:09:16.532206+00:00,PROCESSED_BY,
Mo-Executor-v1,273f8bc4eb929deb,2026-03-08T06:09:21.343681+00:00,PROCESSED_BY,
Mo-Executor-v1,a5e0877b2c33b03a,2026-03-08T06:09:26.460254+00:00,PROCESSED_BY,
Mo-Executor-v1,1c002978f25c0f45,2026-03-08T06:09:31.664731+00:00,PROCESSED_BY,
Mo-Executor-v1,9f674a5802911ec6,2026-03-08T06:09:37.191879+00:00,PROCESSED_BY,
Mo-Executor-v1,5301dda7c7870230,2026-03-08T06:09:42.294530+00:00,PROCESSED_BY,
Mo-Executor-v1,6df9f1a7214f1f61,2026-03-08T06:09:46.917375+00:00,PROCESSED_BY,
Mo-Executor-v1,6efb41114cd5c379,2026-03-08T06:09:51.386748+00:00,PROCESSED_BY,
Mo-Executor-v1,a5ce7b1c1f44bc31,2026-03-08T06:09:56.272624+00:00,PROCESSED_BY,
Mo-Executor-v1,281f5e9c044d6d62,2026-03-08T06:10:00.915300+00:00,PROCESSED_BY,
Mo-Executor-v1,09781db453e3950c,2026-03-08T06:10:05.972482+00:00,PROCESSED_BY,
Mo-Executor-v1,bd3465dfdee7508d,2026-03-08T06:10:10.616098+00:00,PROCESSED_BY,
Mo-Executor-v1,b5fafe9e2a9b51e0,2026-03-08T06:10:15.134088+00:00,PROCESSED_BY,
Mo-Executor-v1,b8fb4541e0c5187c,2026-03-08T06:10:19.719783+00:00,PROCESSED_BY,
Mo-Executor-v1,f3141aa58acd94c8,2026-03-08T06:10:24.048306+00:00,PROCESSED_BY,
Mo-Executor-v1,a83ee8c7c07f2bb2,2026-03-08T06:10:28.538395+00:00,PROCESSED_BY,
Mo-Executor-v1,53e0bcd443f72af2,2026-03-08T06:10:32.883611+00:00,PROCESSED_BY,
Mo-Executor-v1,06ddf5bdbfe5a581,2026-03-08T06:10:37.597209+00:00,PROCESSED_BY,
Mo-Executor-v1,d0827284d7d0531d,2026-03-08T06:10:42.193891+00:00,PROCESSED_BY,
Mo-Executor-v1,a3ddbfaedf3af15c,2026-03-08T06:10:48.953961+00:00,PROCESSED_BY,
Mo-Executor-v1,4cd96002dd6b5152,2026-03-08T06:10:53.283146+00:00,PROCESSED_BY,
Mo-Executor-v1,ade4d890cd7202b5,2026-03-08T06:10:57.951810+00:00,PROCESSED_BY,
Mo-Executor-v1,2096712090f63642,2026-03-08T06:11:02.535302+00:00,PROCESSED_BY,
Mo-Executor-v1,650c07890fdb7f62,2026-03-08T06:11:06.925155+00:00,PROCESSED_BY,
Mo-Executor-v1,ceebaee38ddfcb3c,2026-03-08T06:11:11.782346+00:00,PROCESSED_BY,
Mo-Executor-v1,1ab802d185aa6770,2026-03-08T06:11:17.225636+00:00,PROCESSED_BY,
Mo-Executor-v1,d507c08e64f61281,2026-03-08T06:11:22.757478+00:00,PROCESSED_BY,
Mo-Executor-v1,a1b6cede85696f02,2026-03-08T06:11:28.376384+00:00,PROCESSED_BY,
Mo-Executor-v1,c1a77682b54069b0,2026-03-08T06:11:33.436257+00:00,PROCESSED_BY,
Mo-Executor-v1,8a6dbb65b591c3e5,2026-03-08T06:11:38.552864+00:00,PROCESSED_BY,
Mo-Executor-v1,a9a7b006f2ca6e4d,2026-03-08T06:11:44.057984+00:00,PROCESSED_BY,
Mo-Executor-v1,0b5b370641168bee,2026-03-08T06:11:48.766273+00:00,PROCESSED_BY,
Mo-Executor-v1,6b8b2c2e4bc63068,2026-03-08T06:11:53.244075+00:00,PROCESSED_BY,
Mo-Executor-v1,7b7787660b88d00c,2026-03-08T06:11:57.750439+00:00,PROCESSED_BY,
Mo-Executor-v1,753eefa7cc17b49e,2026-03-08T06:12:02.223320+00:00,PROCESSED_BY,
Mo-Executor-v1,16750d637adb1e53,2026-03-08T06:12:07.052488+00:00,PROCESSED_BY,
Mo-Executor-v1,7d90defba060f494,2026-03-08T06:12:11.371607+00:00,PROCESSED_BY,
Mo-Executor-v1,409e92d89c624499,2026-03-08T06:12:16.162685+00:00,PROCESSED_BY,
Mo-Executor-v1,f1a9ed6798c0d78a,2026-03-08T06:12:20.730150+00:00,PROCESSED_BY,
Mo-Executor-v1,4efcb22aadd3d3bd,2026-03-08T06:12:25.111387+00:00,PROCESSED_BY,
Mo-Executor-v1,c8e4139be18cb772,2026-03-08T06:12:29.824398+00:00,PROCESSED_BY,
Mo-Executor-v1,d50884a73bcb67b0,2026-03-08T06:12:34.194895+00:00,PROCESSED_BY,
Mo-Executor-v1,609a49dc481e4a39,2026-03-08T06:12:39.494325+00:00,PROCESSED_BY,
Mo-Executor-v1,c4f53c6e401a70a8,2026-03-08T06:12:44.119068+00:00,PROCESSED_BY,
Mo-Executor-v1,73ba42f8f81fb283,2026-03-08T06:12:48.862373+00:00,PROCESSED_BY,
Mo-Executor-v1,1b7984b4bdf265c3,2026-03-08T06:12:53.592507+00:00,PROCESSED_BY,
Mo-Executor-v1,aec63188e7a5350e,2026-03-08T06:12:58.227592+00:00,PROCESSED_BY,
Mo-Executor-v1,ea0b258dbc65f5b1,2026-03-08T06:13:02.698433+00:00,PROCESSED_BY,
Mo-Executor-v1,88c3655df757b97a,2026-03-08T06:13:07.597477+00:00,PROCESSED_BY,
Mo-Executor-v1,fda6645e235edcc4,2026-03-08T06:13:12.344223+00:00,PROCESSED_BY,
Mo-Executor-v1,6d9a91b495a3371b,2026-03-08T06:13:16.778493+00:00,PROCESSED_BY,
Mo-Executor-v1,d2da3a42160496b9,2026-03-08T06:13:20.999901+00:00,PROCESSED_BY,
Mo-Executor-v1,c9bd1f61c981ff10,2026-03-08T06:13:25.255910+00:00,PROCESSED_BY,
Mo-Executor-v1,d4a5443e8afebd92,2026-03-08T06:13:29.848596+00:00,PROCESSED_BY,
Mo-Executor-v1,900cc1aa23ec33f4,2026-03-08T06:13:35.823434+00:00,PROCESSED_BY,
Mo-Executor-v1,54573fd2afdf24c6,2026-03-08T06:13:40.422692+00:00,PROCESSED_BY,
Mo-Executor-v1,6f6d53b90ab60529,2026-03-08T06:13:45.084559+00:00,PROCESSED_BY,
Mo-Executor-v1,440b7d0ff9700d46,2026-03-08T06:13:49.935559+00:00,PROCESSED_BY,
Mo-Executor-v1,d3be9326eda0cfcc,2026-03-08T06:13:54.788925+00:00,PROCESSED_BY,
Mo-Executor-v1,633ca8eef4576f9b,2026-03-08T06:13:59.315319+00:00,PROCESSED_BY,
Mo-Executor-v1,7bb4fd71c77b36f7,2026-03-08T06:14:03.749961+00:00,PROCESSED_BY,
Mo-Executor-v1,623610164488b6db,2026-03-08T06:14:08.632194+00:00,PROCESSED_BY,
Mo-Executor-v1,23190682ef52b969,2026-03-08T06:14:13.120942+00:00,PROCESSED_BY,
Mo-Executor-v1,1881ccf389613840,2026-03-08T06:14:17.570206+00:00,PROCESSED_BY,
Mo-Executor-v1,7734dbb1103a1615,2026-03-08T06:14:22.018037+00:00,PROCESSED_BY,
Mo-Executor-v1,0ca9628a9aff506f,2026-03-08T06:14:26.597377+00:00,PROCESSED_BY,
Mo-Executor-v1,eb2a212e108acdd2,2026-03-08T06:14:31.171575+00:00,PROCESSED_BY,
Mo-Executor-v1,6a45d5da6383388e,2026-03-08T06:14:35.969152+00:00,PROCESSED_BY,
Mo-Executor-v1,e462b27e0af44ccb,2026-03-08T06:14:40.670597+00:00,PROCESSED_BY,
Mo-Executor-v1,902f45f814f60b21,2026-03-08T06:14:44.931151+00:00,PROCESSED_BY,
Mo-Executor-v1,0605bb969a3cfe6a,2026-03-08T06:14:49.533870+00:00,PROCESSED_BY,
Mo-Executor-v1,c7802b124ed62529,2026-03-08T06:14:54.104065+00:00,PROCESSED_BY,
Mo-Executor-v1,3cce30e495cfd35b,2026-03-08T06:14:58.472862+00:00,PROCESSED_BY,
Mo-Executor-v1,b252eaec064891cc,2026-03-08T06:15:03.304710+00:00,PROCESSED_BY,
Mo-Executor-v1,a7d7467759aba5f4,2026-03-08T06:15:07.789369+00:00,PROCESSED_BY,
Mo-Executor-v1,a696fddae896e4fb,2026-03-08T06:15:12.451161+00:00,PROCESSED_BY,
Mo-Executor-v1,9359b55445b2cdf6,2026-03-08T06:15:17.084877+00:00,PROCESSED_BY,
Mo-Executor-v1,c91967eec32b6ec5,2026-03-08T06:15:21.566361+00:00,PROCESSED_BY,
Mo-Executor-v1,77bb7af44a511ec3,2026-03-08T06:15:25.836734+00:00,PROCESSED_BY,
Mo-Executor-v1,4ee8c2e5b1ea13c5,2026-03-08T06:15:30.131063+00:00,PROCESSED_BY,
Mo-Executor-v1,42a6e8a9702bf34e,2026-03-08T06:15:35.069560+00:00,PROCESSED_BY,
Mo-Executor-v1,4d23dc1676797f1b,2026-03-08T06:15:39.796745+00:00,PROCESSED_BY,
Mo-Executor-v1,5017a2e4420cfb31,2026-03-08T06:15:44.731310+00:00,PROCESSED_BY,
Mo-Executor-v1,5265f671547917c9,2026-03-08T06:15:51.334102+00:00,PROCESSED_BY,
Mo-Executor-v1,bb3921e3cc8d5be9,2026-03-08T06:15:55.772718+00:00,PROCESSED_BY,
Mo-Executor-v1,98b46ba50ff73fc5,2026-03-08T06:16:00.629968+00:00,PROCESSED_BY,
Mo-Executor-v1,cb51f308a7acc7cc,2026-03-08T06:16:05.090742+00:00,PROCESSED_BY,
Mo-Executor-v1,7856896a81fde940,2026-03-08T06:16:09.442919+00:00,PROCESSED_BY,
Mo-Executor-v1,32ad01ed9d31920a,2026-03-08T06:16:13.991540+00:00,PROCESSED_BY,
Mo-Executor-v1,5b8a987badf3f3e8,2026-03-08T06:16:18.990142+00:00,PROCESSED_BY,
Mo-Executor-v1,9689d330fd943ad0,2026-03-08T06:16:23.474669+00:00,PROCESSED_BY,
Mo-Executor-v1,1f1ac3fa2ce30477,2026-03-08T06:16:28.209080+00:00,PROCESSED_BY,
Mo-Executor-v1,8e89b7619b2b8a56,2026-03-08T06:16:32.706003+00:00,PROCESSED_BY,
Mo-Executor-v1,ea8741a127f36172,2026-03-08T06:16:37.503255+00:00,PROCESSED_BY,
Mo-Executor-v1,a5c0d49cec63bd72,2026-03-08T06:16:41.929302+00:00,PROCESSED_BY,
Mo-Executor-v1,08a4d1b639d8148d,2026-03-08T06:16:46.994515+00:00,PROCESSED_BY,
Mo-Executor-v1,75a41c8198bc7468,2026-03-08T06:16:51.762516+00:00,PROCESSED_BY,
Mo-Executor-v1,f10bb3665539c9f4,2026-03-08T06:16:56.147691+00:00,PROCESSED_BY,
Mo-Executor-v1,4bce61a91f4d3402,2026-03-08T06:17:00.773448+00:00,PROCESSED_BY,
Mo-Executor-v1,1dcd155969fd4b62,2026-03-08T06:17:05.624103+00:00,PROCESSED_BY,
Mo-Executor-v1,c2980772298a02c4,2026-03-08T06:17:10.218357+00:00,PROCESSED_BY,
Mo-Executor-v1,a619c84c32215a99,2026-03-08T06:17:14.861471+00:00,PROCESSED_BY,
Mo-Executor-v1,7fe3f85870d29848,2026-03-08T06:17:20.153765+00:00,PROCESSED_BY,
Mo-Executor-v1,d4e36637d7d9a754,2026-03-08T06:17:25.520274+00:00,PROCESSED_BY,
Mo-Executor-v1,fb1a64a036b0dbd9,2026-03-08T06:17:30.712969+00:00,PROCESSED_BY,
Mo-Executor-v1,f6f1c03f2a7369ef,2026-03-08T06:17:36.245740+00:00,PROCESSED_BY,
Mo-Executor-v1,0a5bf30622ad0e00,2026-03-08T06:17:41.048101+00:00,PROCESSED_BY,
Mo-Executor-v1,aab8fd0156980cb2,2026-03-08T06:17:45.516104+00:00,PROCESSED_BY,
Mo-Executor-v1,1c59589f911e0cb4,2026-03-08T06:17:50.700150+00:00,PROCESSED_BY,
Mo-Executor-v1,901c0fc0cbd37d11,2026-03-08T06:17:55.586309+00:00,PROCESSED_BY,
Mo-Executor-v1,8c44d55d874c262c,2026-03-08T06:18:00.889649+00:00,PROCESSED_BY,
Mo-Executor-v1,92215677c909efd2,2026-03-08T06:18:05.664920+00:00,PROCESSED_BY,
Mo-Executor-v1,e864ff88a0c40996,2026-03-08T06:18:10.114768+00:00,PROCESSED_BY,
Mo-Executor-v1,5d9e40f08cf0e2d3,2026-03-08T06:18:15.039916+00:00,PROCESSED_BY,
Mo-Executor-v1,b6e230eec32f61b3,2026-03-08T06:18:20.000303+00:00,PROCESSED_BY,
Mo-Executor-v1,889419bfc731e6d5,2026-03-08T06:18:24.849228+00:00,PROCESSED_BY,
Mo-Executor-v1,4b3385fc9a7dd25f,2026-03-08T06:18:29.719236+00:00,PROCESSED_BY,
Mo-Executor-v1,cab148ad9f33ab5e,2026-03-08T06:18:34.976086+00:00,PROCESSED_BY,
Mo-Executor-v1,45f61afec3bd989f,2026-03-08T06:18:40.371763+00:00,PROCESSED_BY,
Mo-Executor-v1,16f963ca4ddd3fe1,2026-03-08T06:18:45.752414+00:00,PROCESSED_BY,
Mo-Executor-v1,17b1f1ffbf1e092f,2026-03-08T06:18:50.340436+00:00,PROCESSED_BY,
Mo-Executor-v1,5b14c5c58227775e,2026-03-08T06:18:55.137567+00:00,PROCESSED_BY,
Mo-Executor-v1,108eb09b18487b4d,2026-03-08T06:19:00.289013+00:00,PROCESSED_BY,
Mo-Executor-v1,2e6124d1fc5f29a1,2026-03-08T06:19:05.161701+00:00,PROCESSED_BY,
Mo-Executor-v1,db9905cc65afa6e1,2026-03-08T06:19:10.470069+00:00,PROCESSED_BY,
Mo-Executor-v1,dd4bab0a5e5f2107,2026-03-08T06:19:15.272374+00:00,PROCESSED_BY,
Mo-Executor-v1,f6444fd14aad2fa7,2026-03-08T06:19:19.667122+00:00,PROCESSED_BY,
Mo-Executor-v1,cac30c24fa1b2662,2026-03-08T06:19:24.546758+00:00,PROCESSED_BY,
Mo-Executor-v1,fad8222c5938bbe4,2026-03-08T06:19:29.208508+00:00,PROCESSED_BY,
Mo-Executor-v1,13b8fccaf1dd0e45,2026-03-08T06:19:34.438081+00:00,PROCESSED_BY,
Mo-Executor-v1,614c9af3b21dce98,2026-03-08T06:19:39.428772+00:00,PROCESSED_BY,
Mo-Executor-v1,4507820d48a0eed4,2026-03-08T06:19:44.543331+00:00,PROCESSED_BY,
Mo-Executor-v1,c4aa4ac891344b8e,2026-03-08T06:19:49.435161+00:00,PROCESSED_BY,
Mo-Executor-v1,814eea3c35ec99c9,2026-03-08T06:19:54.611725+00:00,PROCESSED_BY,
Mo-Executor-v1,25c2ff9e8650b4c1,2026-03-08T06:19:59.719000+00:00,PROCESSED_BY,
Mo-Executor-v1,0ae746534d3e7394,2026-03-08T06:20:04.651863+00:00,PROCESSED_BY,
Mo-Executor-v1,3256124ed9e4c002,2026-03-08T06:20:09.634564+00:00,PROCESSED_BY,
Mo-Executor-v1,05c777616b2345bb,2026-03-08T06:20:15.061603+00:00,PROCESSED_BY,
Mo-Executor-v1,6f623cb1c29d6448,2026-03-08T06:20:19.783034+00:00,PROCESSED_BY,
Mo-Executor-v1,6bad80b98571cc18,2026-03-08T06:20:24.425190+00:00,PROCESSED_BY,
Mo-Executor-v1,c014d1e394997dcc,2026-03-08T06:20:29.344806+00:00,PROCESSED_BY,
Mo-Executor-v1,bf7f8835c69a5d37,2026-03-08T06:20:34.580895+00:00,PROCESSED_BY,
Mo-Executor-v1,99deee27ca62198b,2026-03-08T06:20:40.096779+00:00,PROCESSED_BY,
Mo-Executor-v1,fd18f7da8524f912,2026-03-08T06:20:44.752951+00:00,PROCESSED_BY,
Mo-Executor-v1,bd789980ef5dd5ae,2026-03-08T06:20:49.335579+00:00,PROCESSED_BY,
Mo-Executor-v1,695d4057b0d06364,2026-03-08T06:20:55.825857+00:00,PROCESSED_BY,
Mo-Executor-v1,1f93d49a3d5827e3,2026-03-08T06:21:00.685693+00:00,PROCESSED_BY,
Mo-Executor-v1,b813b0efb149b57f,2026-03-08T06:21:05.476453+00:00,PROCESSED_BY,
Mo-Executor-v1,ce586a71af304f48,2026-03-08T06:21:10.248033+00:00,PROCESSED_BY,
Mo-Executor-v1,5f152fe72713db12,2026-03-08T06:21:14.967529+00:00,PROCESSED_BY,
Mo-Executor-v1,b0fe4dd32c0409f6,2026-03-08T06:21:19.449303+00:00,PROCESSED_BY,
Mo-Executor-v1,b6012fa91208accb,2026-03-08T06:21:24.029824+00:00,PROCESSED_BY,
Mo-Executor-v1,1ef2340d60066a7d,2026-03-08T06:21:28.793165+00:00,PROCESSED_BY,
Mo-Executor-v1,ddd7e17b5a4a21ed,2026-03-08T06:21:33.320948+00:00,PROCESSED_BY,
Mo-Executor-v1,0befe9e61b762d6e,2026-03-08T06:21:38.117053+00:00,PROCESSED_BY,
Mo-Executor-v1,d25f9e63608428fd,2026-03-08T06:21:43.053561+00:00,PROCESSED_BY,
Mo-Executor-v1,13c9c43e7d297ab1,2026-03-08T06:21:48.289805+00:00,PROCESSED_BY,
Mo-Executor-v1,5cf705eaa70d49ea,2026-03-08T06:21:53.148712+00:00,PROCESSED_BY,
Mo-Executor-v1,4441b43da2bf1a9c,2026-03-08T06:21:58.396877+00:00,PROCESSED_BY,
Mo-Executor-v1,45643b1aa1913922,2026-03-08T06:22:03.608662+00:00,PROCESSED_BY,
Mo-Executor-v1,9548cacef757036a,2026-03-08T06:22:08.632184+00:00,PROCESSED_BY,
Mo-Executor-v1,3f091803e7d19f6b,2026-03-08T06:22:14.055310+00:00,PROCESSED_BY,
Mo-Executor-v1,527ef0ba31a47027,2026-03-08T06:22:18.986308+00:00,PROCESSED_BY,
Mo-Executor-v1,94580a91416d3d78,2026-03-08T06:22:24.249864+00:00,PROCESSED_BY,
Mo-Executor-v1,de1ea3f5201774e6,2026-03-08T06:22:29.147967+00:00,PROCESSED_BY,
Mo-Executor-v1,ba8e010e2357169f,2026-03-08T06:22:33.891553+00:00,PROCESSED_BY,
Mo-Executor-v1,e7a6189190899de5,2026-03-08T06:22:38.859798+00:00,PROCESSED_BY,
Mo-Executor-v1,033c3ae4b688a1c3,2026-03-08T06:22:43.470561+00:00,PROCESSED_BY,
Mo-Executor-v1,625c8227b2eec24a,2026-03-08T06:22:48.337170+00:00,PROCESSED_BY,
Mo-Executor-v1,9aaef04ae173d134,2026-03-08T06:22:53.011250+00:00,PROCESSED_BY,
Mo-Executor-v1,588ff5c6147d1446,2026-03-08T06:22:57.785575+00:00,PROCESSED_BY,
Mo-Executor-v1,39667b955cfaafb6,2026-03-08T06:23:02.345566+00:00,PROCESSED_BY,
Mo-Executor-v1,c290ddc0f182a250,2026-03-08T06:23:07.242660+00:00,PROCESSED_BY,
Mo-Executor-v1,1b66811640f9e05e,2026-03-08T06:23:11.844370+00:00,PROCESSED_BY,
Mo-Executor-v1,9140aeb227ca392e,2026-03-08T06:23:14.447133+00:00,PROCESSED_BY,
Mo-Executor-v1,ff4b77d7ff03df79,2026-03-08T06:23:19.219448+00:00,PROCESSED_BY,
Mo-Executor-v1,e18c909823a346c2,2026-03-08T06:23:23.704663+00:00,PROCESSED_BY,
Mo-Executor-v1,eb86404152b5b596,2026-03-08T06:23:28.165560+00:00,PROCESSED_BY,
Mo-Executor-v1,ba0bd60f88c3e5e7,2026-03-08T06:23:32.556096+00:00,PROCESSED_BY,
Mo-Executor-v1,b4f326fe37b77e80,2026-03-08T06:23:37.007435+00:00,PROCESSED_BY,
Mo-Executor-v1,f5c68366d30aadf4,2026-03-08T06:23:41.450104+00:00,PROCESSED_BY,
Mo-Executor-v1,65e5766384005b39,2026-03-08T06:23:45.865158+00:00,PROCESSED_BY,
Mo-Executor-v1,1811ba2b3e3f754f,2026-03-08T06:23:50.309156+00:00,PROCESSED_BY,
Mo-Executor-v1,f16b77ea305f14cc,2026-03-08T06:23:54.676865+00:00,PROCESSED_BY,
Mo-Executor-v1,726e54035c89ecb7,2026-03-08T06:23:59.139114+00:00,PROCESSED_BY,
Mo-Executor-v1,99e5c17e8fa19b23,2026-03-08T06:24:03.549743+00:00,PROCESSED_BY,
Mo-Executor-v1,5718d6d471a30449,2026-03-08T06:24:08.007926+00:00,PROCESSED_BY,
Mo-Executor-v1,0f39bbebf1176e5f,2026-03-08T06:24:12.457803+00:00,PROCESSED_BY,
Mo-Executor-v1,5cade07ddab038c9,2026-03-08T06:24:16.867497+00:00,PROCESSED_BY,
Mo-Executor-v1,ef04cc0a7a78bc89,2026-03-08T06:24:21.347792+00:00,PROCESSED_BY,
Mo-Executor-v1,d6b7d940ac28a2b5,2026-03-08T06:24:25.816026+00:00,PROCESSED_BY,
Mo-Executor-v1,dc81ff89d5ed383e,2026-03-08T06:24:30.331204+00:00,PROCESSED_BY,
Mo-Executor-v1,8b8e1b461da207c4,2026-03-08T06:24:34.769364+00:00,PROCESSED_BY,
Mo-Executor-v1,ef2f91d4b7bb6c8c,2026-03-08T06:24:39.205312+00:00,PROCESSED_BY,
Mo-Executor-v1,52a498079564bc2a,2026-03-08T06:24:43.724603+00:00,PROCESSED_BY,
Mo-Executor-v1,5dbdaa411a72ea4f,2026-03-08T06:24:48.232415+00:00,PROCESSED_BY,
Mo-Executor-v1,627942426766fc5e,2026-03-08T06:24:52.659469+00:00,PROCESSED_BY,
Mo-Executor-v1,ce6dc3e1add19efd,2026-03-08T06:24:57.137768+00:00,PROCESSED_BY,
Mo-Executor-v1,e2ee1bcabac6b89a,2026-03-08T06:25:01.610095+00:00,PROCESSED_BY,
Mo-Executor-v1,a31d9b69acf433e9,2026-03-08T06:25:06.049002+00:00,PROCESSED_BY,
Mo-Executor-v1,d35348e44c2c80ea,2026-03-08T06:25:10.511529+00:00,PROCESSED_BY,
Mo-Executor-v1,6df5aa4f0fe3dbea,2026-03-08T06:25:14.956646+00:00,PROCESSED_BY,
Mo-Executor-v1,fce19e60796b7ff2,2026-03-08T06:25:19.402958+00:00,PROCESSED_BY,
Mo-Executor-v1,8464ec4db6941564,2026-03-08T06:25:23.903938+00:00,PROCESSED_BY,
Mo-Executor-v1,8268c3b1f56447e7,2026-03-08T06:25:28.319409+00:00,PROCESSED_BY,
Mo-Executor-v1,eb0f39ea22157819,2026-03-08T06:25:32.823055+00:00,PROCESSED_BY,
Mo-Executor-v1,71e4d297499c6f7e,2026-03-08T06:25:37.340586+00:00,PROCESSED_BY,
Mo-Executor-v1,db781522a0edfd0d,2026-03-08T06:25:41.805045+00:00,PROCESSED_BY,
Mo-Executor-v1,496cde5ca23bbb1c,2026-03-08T06:25:46.252333+00:00,PROCESSED_BY,
Mo-Executor-v1,1391ae6086a1a0ce,2026-03-08T06:25:50.692025+00:00,PROCESSED_BY,
Mo-Executor-v1,a99a80a95d79c86f,2026-03-08T06:25:55.154692+00:00,PROCESSED_BY,
Mo-Executor-v1,9ca45a1f44b9cb47,2026-03-08T06:26:01.674270+00:00,PROCESSED_BY,
Mo-Executor-v1,e1c32a1c5b8a583e,2026-03-08T06:26:06.091070+00:00,PROCESSED_BY,
Mo-Executor-v1,5264a2931fd5c2d4,2026-03-08T06:26:10.549259+00:00,PROCESSED_BY,
Mo-Executor-v1,aca90c6fd934a25c,2026-03-08T06:26:15.011957+00:00,PROCESSED_BY,
Mo-Executor-v1,9eb49be89a126cac,2026-03-08T06:26:19.440289+00:00,PROCESSED_BY,
Mo-Executor-v1,2e81965c519ad009,2026-03-08T06:26:23.906933+00:00,PROCESSED_BY,
Mo-Executor-v1,6745ffadb396ef9d,2026-03-08T06:26:28.338133+00:00,PROCESSED_BY,
Mo-Executor-v1,9c9ac920c226bd7e,2026-03-08T06:26:32.782693+00:00,PROCESSED_BY,
Mo-Executor-v1,4c9e8051a92f5160,2026-03-08T06:26:37.242542+00:00,PROCESSED_BY,
Mo-Executor-v1,3055a6da71ed62bc,2026-03-08T06:26:41.648060+00:00,PROCESSED_BY,
Mo-Executor-v1,156acbd0e63451ac,2026-03-08T06:26:46.056686+00:00,PROCESSED_BY,
Mo-Executor-v1,c0204e2e566d61c9,2026-03-08T06:26:50.556912+00:00,PROCESSED_BY,
Mo-Executor-v1,189f8e258553ee50,2026-03-08T06:26:55.050628+00:00,PROCESSED_BY,
Mo-Executor-v1,43e575b3f6fb3923,2026-03-08T06:26:59.534464+00:00,PROCESSED_BY,
Mo-Executor-v1,7c9191da964362ae,2026-03-08T06:27:04.023712+00:00,PROCESSED_BY,
Mo-Executor-v1,4fa3c8fe3dcfde57,2026-03-08T06:27:08.448321+00:00,PROCESSED_BY,
Mo-Executor-v1,65eba398cc6b5645,2026-03-08T06:27:12.893343+00:00,PROCESSED_BY,
Mo-Executor-v1,db709331910f7b63,2026-03-08T06:27:17.319510+00:00,PROCESSED_BY,
Mo-Executor-v1,ad4d3f74b77ed34d,2026-03-08T06:27:21.798365+00:00,PROCESSED_BY,
Mo-Executor-v1,5443f3b7ec0954b8,2026-03-08T06:27:26.233408+00:00,PROCESSED_BY,
Mo-Executor-v1,d8755216baf7a072,2026-03-08T06:27:30.706837+00:00,PROCESSED_BY,
Mo-Executor-v1,1f65893851e670b1,2026-03-08T06:27:35.200920+00:00,PROCESSED_BY,
Mo-Executor-v1,56d0c823a3d6cbef,2026-03-08T06:27:39.728117+00:00,PROCESSED_BY,
Mo-Executor-v1,49321db8286f03ba,2026-03-08T06:27:44.229488+00:00,PROCESSED_BY,
Mo-Executor-v1,2d972f8cc90cddb9,2026-03-08T06:27:48.683628+00:00,PROCESSED_BY,
Mo-Executor-v1,88edee7e1aba4036,2026-03-08T06:27:53.157402+00:00,PROCESSED_BY,
Mo-Executor-v1,9bc16c7850fd8366,2026-03-08T06:27:57.667148+00:00,PROCESSED_BY,
Mo-Executor-v1,9904fe42bf6cebec,2026-03-08T06:28:02.123138+00:00,PROCESSED_BY,
Mo-Executor-v1,a3791ceefc856ccc,2026-03-08T06:28:06.552171+00:00,PROCESSED_BY,
Mo-Executor-v1,8b7f0860376d9b1e,2026-03-08T06:28:11.037672+00:00,PROCESSED_BY,
Mo-Executor-v1,0ebff058599aa763,2026-03-08T06:28:15.499216+00:00,PROCESSED_BY,
Mo-Executor-v1,2e109c52fc9c079c,2026-03-08T06:28:19.914356+00:00,PROCESSED_BY,
Mo-Executor-v1,1dd436942a5e7c8e,2026-03-08T06:28:24.311307+00:00,PROCESSED_BY,
Mo-Executor-v1,d4ef4f557563155b,2026-03-08T06:28:28.671319+00:00,PROCESSED_BY,
Mo-Executor-v1,b13e8e70b33859da,2026-03-08T06:28:33.147320+00:00,PROCESSED_BY,
Mo-Executor-v1,ecb7c08c06e252a5,2026-03-08T06:28:37.609958+00:00,PROCESSED_BY,
Mo-Executor-v1,6af8543ad7e1d1a4,2026-03-08T06:28:42.084274+00:00,PROCESSED_BY,
Mo-Executor-v1,bcb5d466fc211eda,2026-03-08T06:28:46.558768+00:00,PROCESSED_BY,
Mo-Executor-v1,a0e08a64eda6038a,2026-03-08T06:28:50.988953+00:00,PROCESSED_BY,
Mo-Executor-v1,5f7785bbffb23fc1,2026-03-08T06:28:55.401989+00:00,PROCESSED_BY,
Mo-Executor-v1,8f76d3fb0ff165af,2026-03-08T06:28:59.880626+00:00,PROCESSED_BY,
Mo-Executor-v1,3017ebf7fe93dc34,2026-03-08T06:29:04.388819+00:00,PROCESSED_BY,
Mo-Executor-v1,fdb9663116f57318,2026-03-08T06:29:08.766463+00:00,PROCESSED_BY,
Mo-Executor-v1,1984eba7696812c7,2026-03-08T06:29:13.222657+00:00,PROCESSED_BY,
Mo-Executor-v1,75cb123d63ede273,2026-03-08T06:29:17.604137+00:00,PROCESSED_BY,
Mo-Executor-v1,8623a125c5ab2793,2026-03-08T06:29:22.047217+00:00,PROCESSED_BY,
Mo-Executor-v1,f5a80ab8d89d529e,2026-03-08T06:29:26.484150+00:00,PROCESSED_BY,
Mo-Executor-v1,34a528007468fcd6,2026-03-08T06:29:30.921558+00:00,PROCESSED_BY,
Mo-Executor-v1,a746029e3ebc269a,2026-03-08T06:29:35.369523+00:00,PROCESSED_BY,
Mo-Executor-v1,92e4b0666b16e6ad,2026-03-08T06:29:39.806207+00:00,PROCESSED_BY,
Mo-Executor-v1,1413e28b2e9c79e7,2026-03-08T06:29:44.260081+00:00,PROCESSED_BY,
Mo-Executor-v1,1e6c8856beab599a,2026-03-08T06:29:48.708212+00:00,PROCESSED_BY,
Mo-Executor-v1,68c202a68386297c,2026-03-08T06:29:53.145922+00:00,PROCESSED_BY,
Mo-Executor-v1,84c854175129f13f,2026-03-08T06:29:57.583045+00:00,PROCESSED_BY,
Mo-Executor-v1,47372d62abfd1669,2026-03-08T06:30:02.027916+00:00,PROCESSED_BY,
Mo-Executor-v1,b81a6d3659071946,2026-03-08T06:30:06.425111+00:00,PROCESSED_BY,
Mo-Executor-v1,9f3c93b05a17cdaf,2026-03-08T06:30:10.792591+00:00,PROCESSED_BY,
Mo-Executor-v1,88fc3e81a68f8eb9,2026-03-08T06:30:15.210818+00:00,PROCESSED_BY,
Mo-Executor-v1,38d68e808e04bc87,2026-03-08T06:30:19.612764+00:00,PROCESSED_BY,
Mo-Executor-v1,da60a15440a5fe54,2026-03-08T06:30:24.014471+00:00,PROCESSED_BY,
Mo-Executor-v1,5ec056792c208429,2026-03-08T06:30:28.556863+00:00,PROCESSED_BY,
Mo-Executor-v1,e06b7210af8fc388,2026-03-08T06:30:33.044519+00:00,PROCESSED_BY,
Mo-Executor-v1,4631c7d2ca9bad3f,2026-03-08T06:30:37.475358+00:00,PROCESSED_BY,
Mo-Executor-v1,9de237c8fb343651,2026-03-08T06:30:42.006878+00:00,PROCESSED_BY,
Mo-Executor-v1,a3af807f574cbbc2,2026-03-08T06:30:46.494543+00:00,PROCESSED_BY,
Mo-Executor-v1,797bbab8421706a9,2026-03-08T06:30:50.901853+00:00,PROCESSED_BY,
Mo-Executor-v1,0f6a03f2a2826985,2026-03-08T06:30:55.360756+00:00,PROCESSED_BY,
Mo-Executor-v1,beeb95b3a3cc86a2,2026-03-08T06:30:59.799548+00:00,PROCESSED_BY,
Mo-Executor-v1,0227213e6dbc5311,2026-03-08T06:31:06.263318+00:00,PROCESSED_BY,
Mo-Executor-v1,54f29c88eba5c9fa,2026-03-08T06:31:10.743453+00:00,PROCESSED_BY,
Mo-Executor-v1,fd917d1990f6421d,2026-03-08T06:31:15.214373+00:00,PROCESSED_BY,
Mo-Executor-v1,e063334863f78e86,2026-03-08T06:31:19.642672+00:00,PROCESSED_BY,
Mo-Executor-v1,1156f386084bc473,2026-03-08T06:31:24.049965+00:00,PROCESSED_BY,
Mo-Executor-v1,1a79e4a0f7181d28,2026-03-08T06:31:28.461763+00:00,PROCESSED_BY,
Mo-Executor-v1,5ef555c88eea24c4,2026-03-08T06:31:32.929569+00:00,PROCESSED_BY,
Mo-Executor-v1,80aa369a04988603,2026-03-08T06:31:37.417574+00:00,PROCESSED_BY,
Mo-Executor-v1,c390edcce916119d,2026-03-08T06:31:41.812489+00:00,PROCESSED_BY,
Mo-Executor-v1,0d3ef38338321456,2026-03-08T06:31:46.192015+00:00,PROCESSED_BY,
Mo-Executor-v1,b1a9319e01bd5040,2026-03-08T06:31:50.557625+00:00,PROCESSED_BY,
Mo-Executor-v1,73d5a78aa6036a28,2026-03-08T06:31:54.915115+00:00,PROCESSED_BY,
Mo-Executor-v1,963192fe4353239d,2026-03-08T06:31:59.360989+00:00,PROCESSED_BY,
Mo-Executor-v1,ecce59c084ce37f5,2026-03-08T06:32:03.835904+00:00,PROCESSED_BY,
Mo-Executor-v1,bf43f7ed81c3379d,2026-03-08T06:32:08.239831+00:00,PROCESSED_BY,
Mo-Executor-v1,0962b41489987f0c,2026-03-08T06:32:12.628231+00:00,PROCESSED_BY,
Mo-Executor-v1,5bcd47455be50c19,2026-03-08T06:32:17.015297+00:00,PROCESSED_BY,
Mo-Executor-v1,db35fec47a6d4b01,2026-03-08T06:32:21.428628+00:00,PROCESSED_BY,
Mo-Executor-v1,f5494b851793e6c7,2026-03-08T06:32:25.819084+00:00,PROCESSED_BY,
Mo-Executor-v1,3e22f101b0fea1a0,2026-03-08T06:32:30.207026+00:00,PROCESSED_BY,
Mo-Executor-v1,794db652bb203ecc,2026-03-08T06:32:34.557524+00:00,PROCESSED_BY,
Mo-Executor-v1,56c137b1910d4dca,2026-03-08T06:32:38.934295+00:00,PROCESSED_BY,
Mo-Executor-v1,b26ecd37a0624a4d,2026-03-08T06:32:43.356199+00:00,PROCESSED_BY,
Mo-Executor-v1,1df98f21e72f243e,2026-03-08T06:32:47.773300+00:00,PROCESSED_BY,
Mo-Executor-v1,26901c29c7193898,2026-03-08T06:32:52.192390+00:00,PROCESSED_BY,
Mo-Executor-v1,66d4d9eb6e3cb957,2026-03-08T06:32:56.648353+00:00,PROCESSED_BY,
Mo-Executor-v1,74c63395aecadca6,2026-03-08T06:33:00.977918+00:00,PROCESSED_BY,
Mo-Executor-v1,9ae54826b7cf1e18,2026-03-08T06:33:05.419755+00:00,PROCESSED_BY,
Mo-Executor-v1,89d6ae2a1bd714b1,2026-03-08T06:33:09.939599+00:00,PROCESSED_BY,
Mo-Executor-v1,df099e39fe1bff1d,2026-03-08T06:33:14.329444+00:00,PROCESSED_BY,
Mo-Executor-v1,21a417a4bff31101,2026-03-08T06:33:18.746346+00:00,PROCESSED_BY,
Mo-Executor-v1,94d0344db90512ce,2026-03-08T06:33:23.118976+00:00,PROCESSED_BY,
Mo-Executor-v1,12fd643979ce1b14,2026-03-08T06:33:27.551244+00:00,PROCESSED_BY,
Mo-Executor-v1,c7d3bc3d0cca8777,2026-03-08T06:33:31.961691+00:00,PROCESSED_BY,
Mo-Executor-v1,723bd663786e5fb6,2026-03-08T06:33:36.395797+00:00,PROCESSED_BY,
Mo-Executor-v1,7b4a45c82bdde9bc,2026-03-08T06:33:40.792099+00:00,PROCESSED_BY,
Mo-Executor-v1,038ab232bc6248ef,2026-03-08T06:33:45.200966+00:00,PROCESSED_BY,
Mo-Executor-v1,36e077794276129a,2026-03-08T06:33:49.590613+00:00,PROCESSED_BY,
Mo-Executor-v1,7dc068909f14b5ae,2026-03-08T06:33:53.945082+00:00,PROCESSED_BY,
Mo-Executor-v1,eb3c98ac88a3f423,2026-03-08T06:33:58.298968+00:00,PROCESSED_BY,
Mo-Executor-v1,e1bf229094219750,2026-03-08T06:34:02.661945+00:00,PROCESSED_BY,
Mo-Executor-v1,34b3a04a71541d56,2026-03-08T06:34:07.107834+00:00,PROCESSED_BY,
Mo-Executor-v1,86f6ac27318e1eb2,2026-03-08T06:34:11.494920+00:00,PROCESSED_BY,
Mo-Executor-v1,8e9afff21f0c6344,2026-03-08T06:34:15.940685+00:00,PROCESSED_BY,
Mo-Executor-v1,315bf37db62e834e,2026-03-08T06:34:20.307174+00:00,PROCESSED_BY,
Mo-Executor-v1,e1b07876263b5c9d,2026-03-08T06:34:24.688176+00:00,PROCESSED_BY,
Mo-Executor-v1,8fc568908186e5b7,2026-03-08T06:34:29.126177+00:00,PROCESSED_BY,
Mo-Executor-v1,cf61833f4b4050f6,2026-03-08T06:34:33.524814+00:00,PROCESSED_BY,
Mo-Executor-v1,77a820e5b1e0b743,2026-03-08T06:34:37.959413+00:00,PROCESSED_BY,
Mo-Executor-v1,273cc69cf8f253ba,2026-03-08T06:34:42.387132+00:00,PROCESSED_BY,
Mo-Executor-v1,2284a36a36cb139f,2026-03-08T06:34:46.832611+00:00,PROCESSED_BY,
Mo-Executor-v1,36c9d9a40cbc2173,2026-03-08T06:34:51.294956+00:00,PROCESSED_BY,
Mo-Executor-v1,45d0994e492f70ed,2026-03-08T06:34:55.695912+00:00,PROCESSED_BY,
Mo-Executor-v1,893d1cb1d763e13d,2026-03-08T06:35:00.076602+00:00,PROCESSED_BY,
Mo-Executor-v1,718eed12e88da1f4,2026-03-08T06:35:04.528526+00:00,PROCESSED_BY,
Mo-Executor-v1,1bd4c25dacf398a0,2026-03-08T06:35:08.910562+00:00,PROCESSED_BY,
Mo-Executor-v1,5a34f456d388e8e4,2026-03-08T06:35:13.330271+00:00,PROCESSED_BY,
Mo-Executor-v1,1ac083836bc6769f,2026-03-08T06:35:17.757863+00:00,PROCESSED_BY,
Mo-Executor-v1,68331cac007ed9e5,2026-03-08T06:35:22.178681+00:00,PROCESSED_BY,
Mo-Executor-v1,a9efede3b43a751e,2026-03-08T06:35:26.557060+00:00,PROCESSED_BY,
Mo-Executor-v1,4143cf56cb9d400e,2026-03-08T06:35:30.906420+00:00,PROCESSED_BY,
Mo-Executor-v1,af1a4700e090e358,2026-03-08T06:35:35.322315+00:00,PROCESSED_BY,
Mo-Executor-v1,c41bbb01d454894a,2026-03-08T06:35:39.700070+00:00,PROCESSED_BY,
Mo-Executor-v1,b42a8680d6324c81,2026-03-08T06:35:44.117800+00:00,PROCESSED_BY,
Mo-Executor-v1,33e9a2c5e7a20363,2026-03-08T06:35:48.526982+00:00,PROCESSED_BY,
Mo-Executor-v1,4e6b82bb09c00aaa,2026-03-08T06:35:52.940010+00:00,PROCESSED_BY,
Mo-Executor-v1,bedf5f53803afc18,2026-03-08T06:35:57.347387+00:00,PROCESSED_BY,
Mo-Executor-v1,4366ed6a19589de7,2026-03-08T06:36:01.726363+00:00,PROCESSED_BY,
Mo-Executor-v1,817149b5a977d47c,2026-03-08T06:36:06.095067+00:00,PROCESSED_BY,
Mo-Executor-v1,28814bf5f866ed66,2026-03-08T06:36:12.527305+00:00,PROCESSED_BY,
Mo-Executor-v1,327edb5f5dd73e33,2026-03-08T06:36:16.921167+00:00,PROCESSED_BY,
Mo-Executor-v1,a87eb3a4f734ea18,2026-03-08T06:36:21.282647+00:00,PROCESSED_BY,
Mo-Executor-v1,62b6e9b12a05e778,2026-03-08T06:36:25.724294+00:00,PROCESSED_BY,
Mo-Executor-v1,94d12625465bd604,2026-03-08T06:36:30.147639+00:00,PROCESSED_BY,
Mo-Executor-v1,86dcd34f54c63491,2026-03-08T06:36:34.550433+00:00,PROCESSED_BY,
Mo-Executor-v1,6db4c88c5f58f3ec,2026-03-08T06:36:38.975442+00:00,PROCESSED_BY,
Mo-Executor-v1,5f5413cd94773b91,2026-03-08T06:36:43.391173+00:00,PROCESSED_BY,
Mo-Executor-v1,5702a98abb1b3e90,2026-03-08T06:36:47.864774+00:00,PROCESSED_BY,
Mo-Executor-v1,62315633f42facf2,2026-03-08T06:36:52.311182+00:00,PROCESSED_BY,
Mo-Executor-v1,811c6d7e3072a171,2026-03-08T06:36:56.757300+00:00,PROCESSED_BY,
Mo-Executor-v1,23b654e8af4d8039,2026-03-08T06:37:01.184597+00:00,PROCESSED_BY,
Mo-Executor-v1,a159ee8c203cb1e4,2026-03-08T06:37:05.592322+00:00,PROCESSED_BY,
Mo-Executor-v1,eb97e7296010333a,2026-03-08T06:37:10.052979+00:00,PROCESSED_BY,
Mo-Executor-v1,cb83f35a4bbfa81c,2026-03-08T06:37:14.540153+00:00,PROCESSED_BY,
Mo-Executor-v1,c061291c0c2a44a6,2026-03-08T06:37:18.986891+00:00,PROCESSED_BY,
Mo-Executor-v1,5d2fc58450963b59,2026-03-08T06:37:23.427362+00:00,PROCESSED_BY,
Mo-Executor-v1,bcb5af3b7a37e228,2026-03-08T06:37:27.857665+00:00,PROCESSED_BY,
Mo-Executor-v1,d52c4c4712fc1c5e,2026-03-08T06:37:32.318492+00:00,PROCESSED_BY,
Mo-Executor-v1,d965d4cbc3e6646c,2026-03-08T06:37:36.809141+00:00,PROCESSED_BY,
Mo-Executor-v1,1856f6c6a4d73342,2026-03-08T06:37:41.199236+00:00,PROCESSED_BY,
Mo-Executor-v1,3123cc3ce7d010e9,2026-03-08T06:37:45.598443+00:00,PROCESSED_BY,
Mo-Executor-v1,086677b818c129ab,2026-03-08T06:37:50.062913+00:00,PROCESSED_BY,
Mo-Executor-v1,d273b3569a05c822,2026-03-08T06:37:54.482634+00:00,PROCESSED_BY,
Mo-Executor-v1,5ad9c2ecb9e35ddf,2026-03-08T06:37:58.874714+00:00,PROCESSED_BY,
Mo-Executor-v1,cc96eef1bd61ba00,2026-03-08T06:38:03.263105+00:00,PROCESSED_BY,
Mo-Executor-v1,4fae3595cb0bf6be,2026-03-08T06:38:07.736892+00:00,PROCESSED_BY,
Mo-Executor-v1,9503b73f39a4cf34,2026-03-08T06:38:12.154793+00:00,PROCESSED_BY,
