from_id,rel_type,to_id
,REFERENCES,
,REFERENCES,
,REFERENCES,
,REFERENCES,
,REFERENCES,
,REFERENCES,
,REFERENCES,
,REFERENCES,
,REFERENCES,
,REFERENCES,
,REFERENCES,
,REFERENCES,
,REFERENCES,
,REFERENCES,
,REFERENCES,
,REFERENCES,
,REFERENCES,
,REFERENCES,
,REFERENCES,
,REFERENCES,
,REFERENCES,
,REFERENCES,
,REFERENCES,
,REFERENCES,
,REFERENCES,
,REFERENCES,
,REFERENCES,
,REFERENCES,
,REFERENCES,
,REFERENCES,
,REFERENCES,
,REFERENCES,
,REFERENCES,
,REFERENCES,
,REFERENCES,
,REFERENCES,
,REFERENCES,
,REFERENCES,
,REFERENCES,
,REFERENCES,
,REFERENCES,
,REFERENCES,
,REFERENCES,
,REFERENCES,
,REFERENCES,
,REFERENCES,
,REFERENCES,
,REFERENCES,
,REFERENCES,
,REFERENCES,
,REFERENCES,
,REFERENCES,
,REFERENCES,
,REFERENCES,
,REFERENCES,
,REFERENCES,
,REFERENCES,
,REFERENCES,
,REFERENCES,
,REFERENCES,
,REFERENCES,
,REFERENCES,
,REFERENCES,
,REFERENCES,
,REFERENCES,
,REFERENCES,
,REFERENCES,
,REFERENCES,
,REFERENCES,
,REFERENCES,
,REFERENCES,
,REFERENCES,
,REFERENCES,
,REFERENCES,
,REFERENCES,
,REFERENCES,
,REFERENCES,
,REFERENCES,
,REFERENCES,
,REFERENCES,
,REFERENCES,
,REFERENCES,
,REFERENCES,
,REFERENCES,
,REFERENCES,
,REFERENCES,
,REFERENCES,
,REFERENCES,
,REFERENCES,
,REFERENCES,
,REFERENCES,
,REFERENCES,
,REFERENCES,
,REFERENCES,
,REFERENCES,
,REFERENCES,
,REFERENCES,
,REFERENCES,
,REFERENCES,
,REFERENCES,
,REFERENCES,
,REFERENCES,
,REFERENCES,
,REFERENCES,
,REFERENCES,
,REFERENCES,
,REFERENCES,
,REFERENCES,
,REFERENCES,
,REFERENCES,
,REFERENCES,
,REFERENCES,
,REFERENCES,
,REFERENCES,
,REFERENCES,
,REFERENCES,
,REFERENCES,
,REFERENCES,
,REFERENCES,
,REFERENCES,
,REFERENCES,
,REFERENCES,
,REFERENCES,
,REFERENCES,
,REFERENCES,
,REFERENCES,
,REFERENCES,
,REFERENCES,
,REFERENCES,
,REFERENCES,
,REFERENCES,
,REFERENCES,
,REFERENCES,
,REFERENCES,
,REFERENCES,
,REFERENCES,
,REFERENCES,
,REFERENCES,
,REFERENCES,
,REFERENCES,
,REFERENCES,
,REFERENCES,
,REFERENCES,
,REFERENCES,
,REFERENCES,
,REFERENCES,
,REFERENCES,
,REFERENCES,
,REFERENCES,
,REFERENCES,
,REFERENCES,
,REFERENCES,
,REFERENCES,
,REFERENCES,
,REFERENCES,
,REFERENCES,
,REFERENCES,
,REFERENCES,
,REFERENCES,
,REFERENCES,
,REFERENCES,
,REFERENCES,
,REFERENCES,
,REFERENCES,
,REFERENCES,
,REFERENCES,
,REFERENCES,
,REFERENCES,
,REFERENCES,
,REFERENCES,
,REFERENCES,
,REFERENCES,
,REFERENCES,
,REFERENCES,
,REFERENCES,
,REFERENCES,
,REFERENCES,
,REFERENCES,
,REFERENCES,
,REFERENCES,
,REFERENCES,
,REFERENCES,
,REFERENCES,
,REFERENCES,
,REFERENCES,
,REFERENCES,
,REFERENCES,
,REFERENCES,
,REFERENCES,
,REFERENCES,
,REFERENCES,
,REFERENCES,
,REFERENCES,
,REFERENCES,
,REFERENCES,
,REFERENCES,
,REFERENCES,
,REFERENCES,
,REFERENCES,
,REFERENCES,
,REFERENCES,
,REFERENCES,
,REFERENCES,
,REFERENCES,
,REFERENCES,
,REFERENCES,
,REFERENCES,
,REFERENCES,
,REFERENCES,
,REFERENCES,
,REFERENCES,
,REFERENCES,
,REFERENCES,
,REFERENCES,
,REFERENCES,
,REFERENCES,
,REFERENCES,
,REFERENCES,
,REFERENCES,
,REFERENCES,
,REFERENCES,
,REFERENCES,
,REFERENCES,
,REFERENCES,
,REFERENCES,
,REFERENCES,
,REFERENCES,
,REFERENCES,
,REFERENCES,
,REFERENCES,
,REFERENCES,
,REFERENCES,
,REFERENCES,
,REFERENCES,
,REFERENCES,
,REFERENCES,
,REFERENCES,
,REFERENCES,
,REFERENCES,
,REFERENCES,
,REFERENCES,
,REFERENCES,
,REFERENCES,
,REFERENCES,
,REFERENCES,
,REFERENCES,
,REFERENCES,
,REFERENCES,
,REFERENCES,
,REFERENCES,
,REFERENCES,
,REFERENCES,
,REFERENCES,
,REFERENCES,
,REFERENCES,
,REFERENCES,
,REFERENCES,
,REFERENCES,
,REFERENCES,
,REFERENCES,
,REFERENCES,
,REFERENCES,
,REFERENCES,
,REFERENCES,
,REFERENCES,
,REFERENCES,
,REFERENCES,
,REFERENCES,
,REFERENCES,
,REFERENCES,
,REFERENCES,
,REFERENCES,
,REFERENCES,
,REFERENCES,
,REFERENCES,
,REFERENCES,
,REFERENCES,
,REFERENCES,
,REFERENCES,
,REFERENCES,
,REFERENCES,
,REFERENCES,
,REFERENCES,
,REFERENCES,
,REFERENCES,
,REFERENCES,
,REFERENCES,
,REFERENCES,
,REFERENCES,
,REFERENCES,
,REFERENCES,
,REFERENCES,
,REFERENCES,
,REFERENCES,
,REFERENCES,
,REFERENCES,
,REFERENCES,
,REFERENCES,
,REFERENCES,
,REFERENCES,
,REFERENCES,
,REFERENCES,
,REFERENCES,
,REFERENCES,
,REFERENCES,
,REFERENCES,
,REFERENCES,
,REFERENCES,
,REFERENCES,
,REFERENCES,
,REFERENCES,
,REFERENCES,
,REFERENCES,
,REFERENCES,
,REFERENCES,
,REFERENCES,
,REFERENCES,
,REFERENCES,
,REFERENCES,
,REFERENCES,
,REFERENCES,
,REFERENCES,
,REFERENCES,
,REFERENCES,
,REFERENCES,
,REFERENCES,
,REFERENCES,
,REFERENCES,
,REFERENCES,
,REFERENCES,
,REFERENCES,
,REFERENCES,
,REFERENCES,
,REFERENCES,
,REFERENCES,
,REFERENCES,
,REFERENCES,
,REFERENCES,
,REFERENCES,
,REFERENCES,
,REFERENCES,
,REFERENCES,
,REFERENCES,
,REFERENCES,
,REFERENCES,
,REFERENCES,
,REFERENCES,
,REFERENCES,
,REFERENCES,
,REFERENCES,
,REFERENCES,
,REFERENCES,
,REFERENCES,
,REFERENCES,
,REFERENCES,
,REFERENCES,
,REFERENCES,
,REFERENCES,
,REFERENCES,
,REFERENCES,
,REFERENCES,
,REFERENCES,
,REFERENCES,
,REFERENCES,
,REFERENCES,
,REFERENCES,
,REFERENCES,
,REFERENCES,
,REFERENCES,
,REFERENCES,
,REFERENCES,
,REFERENCES,
,REFERENCES,
,REFERENCES,
,REFERENCES,
,REFERENCES,
,REFERENCES,
,REFERENCES,
,REFERENCES,
,REFERENCES,
,REFERENCES,
,REFERENCES,
,REFERENCES,
,REFERENCES,
,REFERENCES,
,REFERENCES,
,REFERENCES,
,REFERENCES,
,REFERENCES,
,REFERENCES,
,REFERENCES,
,REFERENCES,
,REFERENCES,
,REFERENCES,
,REFERENCES,
,REFERENCES,
,REFERENCES,
,REFERENCES,
,REFERENCES,
,REFERENCES,
,REFERENCES,
,REFERENCES,
,REFERENCES,
,REFERENCES,
,REFERENCES,
,REFERENCES,
,REFERENCES,
,REFERENCES,
,REFERENCES,
,REFERENCES,
,REFERENCES,
,REFERENCES,
,REFERENCES,
,REFERENCES,
,REFERENCES,
,REFERENCES,
,REFERENCES,
,REFERENCES,
,REFERENCES,
,REFERENCES,
,REFERENCES,
,REFERENCES,
,REFERENCES,
,REFERENCES,
,REFERENCES,
,REFERENCES,
,REFERENCES,
,REFERENCES,
,REFERENCES,
,REFERENCES,
,REFERENCES,
,REFERENCES,
,REFERENCES,
,REFERENCES,
,REFERENCES,
,REFERENCES,
,REFERENCES,
,REFERENCES,
,REFERENCES,
,REFERENCES,
,REFERENCES,
,REFERENCES,
,REFERENCES,
,REFERENCES,
,REFERENCES,
,REFERENCES,
,REFERENCES,
,REFERENCES,
,REFERENCES,
,REFERENCES,
,REFERENCES,
,REFERENCES,
,REFERENCES,
,REFERENCES,
,REFERENCES,
,REFERENCES,
,REFERENCES,
,REFERENCES,
,REFERENCES,
,REFERENCES,
,REFERENCES,
,REFERENCES,
,REFERENCES,
,REFERENCES,
,REFERENCES,
,REFERENCES,
,REFERENCES,
,REFERENCES,
,REFERENCES,
,REFERENCES,
,REFERENCES,
,REFERENCES,
,REFERENCES,
,REFERENCES,
,REFERENCES,
,REFERENCES,
,REFERENCES,
,REFERENCES,
,REFERENCES,
,REFERENCES,
,REFERENCES,
,REFERENCES,
,REFERENCES,
,REFERENCES,
,REFERENCES,
,REFERENCES,
,REFERENCES,
,REFERENCES,
,REFERENCES,
,REFERENCES,
,REFERENCES,
,REFERENCES,
,REFERENCES,
,REFERENCES,
,REFERENCES,
,REFERENCES,
,REFERENCES,
,REFERENCES,
,REFERENCES,
,REFERENCES,
,REFERENCES,
,REFERENCES,
,REFERENCES,
,REFERENCES,
,REFERENCES,
,REFERENCES,
,REFERENCES,
,REFERENCES,
,REFERENCES,
,REFERENCES,
,REFERENCES,
,REFERENCES,
,REFERENCES,
,REFERENCES,
,REFERENCES,
,REFERENCES,
,REFERENCES,
,REFERENCES,
,REFERENCES,
,REFERENCES,
,REFERENCES,
,REFERENCES,
,REFERENCES,
,REFERENCES,
,REFERENCES,
,REFERENCES,
,REFERENCES,
,REFERENCES,
,REFERENCES,
,REFERENCES,
,REFERENCES,
,REFERENCES,
,REFERENCES,
,REFERENCES,
,REFERENCES,
,REFERENCES,
,REFERENCES,
,REFERENCES,
,REFERENCES,
,REFERENCES,
,REFERENCES,
,REFERENCES,
,REFERENCES,
,REFERENCES,
,REFERENCES,
,REFERENCES,
,REFERENCES,
,REFERENCES,
,REFERENCES,
,REFERENCES,
,REFERENCES,
,REFERENCES,
,REFERENCES,
,REFERENCES,
,REFERENCES,
,REFERENCES,
,REFERENCES,
,REFERENCES,
,REFERENCES,
,REFERENCES,
,REFERENCES,
,REFERENCES,
,REFERENCES,
,REFERENCES,
,REFERENCES,
,REFERENCES,
,REFERENCES,
,REFERENCES,
,REFERENCES,
,REFERENCES,
,REFERENCES,
,REFERENCES,
,REFERENCES,
,REFERENCES,
,REFERENCES,
,REFERENCES,
,REFERENCES,
,REFERENCES,
,REFERENCES,
,REFERENCES,
,REFERENCES,
,REFERENCES,
,REFERENCES,
,REFERENCES,
,REFERENCES,
,REFERENCES,
,REFERENCES,
,REFERENCES,
,REFERENCES,
,REFERENCES,
,REFERENCES,
,REFERENCES,
,REFERENCES,
,REFERENCES,
,REFERENCES,
,REFERENCES,
,REFERENCES,
,REFERENCES,
,REFERENCES,
,REFERENCES,
,REFERENCES,
,REFERENCES,
,REFERENCES,
,REFERENCES,
,REFERENCES,
,REFERENCES,
,REFERENCES,
,REFERENCES,
,REFERENCES,
,REFERENCES,
,REFERENCES,
,REFERENCES,
,REFERENCES,
,REFERENCES,
,REFERENCES,
,REFERENCES,
,REFERENCES,
,REFERENCES,
,REFERENCES,
,REFERENCES,
,REFERENCES,
,REFERENCES,
,REFERENCES,
,REFERENCES,
,REFERENCES,
,REFERENCES,
,REFERENCES,
,REFERENCES,
,REFERENCES,
,REFERENCES,
,REFERENCES,
,REFERENCES,
,REFERENCES,
,REFERENCES,
,REFERENCES,
,REFERENCES,
,REFERENCES,
,REFERENCES,
,REFERENCES,
,REFERENCES,
,REFERENCES,
,REFERENCES,
,REFERENCES,
,REFERENCES,
,REFERENCES,
,REFERENCES,
,REFERENCES,
,REFERENCES,
,REFERENCES,
,REFERENCES,
,REFERENCES,
,REFERENCES,
,REFERENCES,
,REFERENCES,
,REFERENCES,
,REFERENCES,
,REFERENCES,
,REFERENCES,
,REFERENCES,
,REFERENCES,
,REFERENCES,
,REFERENCES,
,REFERENCES,
,REFERENCES,
,REFERENCES,
,REFERENCES,
,REFERENCES,
,REFERENCES,
,REFERENCES,
,REFERENCES,
,REFERENCES,
,REFERENCES,
,REFERENCES,
,REFERENCES,
,REFERENCES,
,REFERENCES,
,REFERENCES,
,REFERENCES,
,REFERENCES,
,REFERENCES,
,REFERENCES,
,REFERENCES,
,REFERENCES,
,REFERENCES,
,REFERENCES,
,REFERENCES,
,REFERENCES,
,REFERENCES,
,REFERENCES,
,REFERENCES,
,REFERENCES,
,REFERENCES,
,REFERENCES,
,REFERENCES,
,REFERENCES,
,REFERENCES,
,REFERENCES,
,REFERENCES,
,REFERENCES,
,REFERENCES,
,REFERENCES,
,REFERENCES,
,REFERENCES,
,REFERENCES,
,REFERENCES,
,REFERENCES,
,REFERENCES,
,REFERENCES,
,REFERENCES,
,REFERENCES,
,REFERENCES,
,REFERENCES,
,REFERENCES,
,REFERENCES,
,REFERENCES,
,REFERENCES,
,REFERENCES,
,REFERENCES,
,REFERENCES,
,REFERENCES,
,REFERENCES,
,REFERENCES,
,REFERENCES,
,REFERENCES,
,REFERENCES,
,REFERENCES,
,REFERENCES,
,REFERENCES,
,REFERENCES,
,REFERENCES,
,REFERENCES,
,REFERENCES,
,REFERENCES,
,REFERENCES,
,REFERENCES,
,REFERENCES,
,REFERENCES,
,REFERENCES,
,REFERENCES,
,REFERENCES,
,REFERENCES,
,REFERENCES,
,REFERENCES,
,REFERENCES,
,REFERENCES,
,REFERENCES,
,REFERENCES,
,REFERENCES,
,REFERENCES,
,REFERENCES,
,REFERENCES,
,REFERENCES,
,REFERENCES,
,REFERENCES,
,REFERENCES,
,REFERENCES,
,REFERENCES,
,REFERENCES,
,REFERENCES,
,REFERENCES,
,REFERENCES,
,REFERENCES,
,REFERENCES,
,REFERENCES,
,REFERENCES,
,REFERENCES,
,REFERENCES,
,REFERENCES,
,REFERENCES,
,REFERENCES,
,REFERENCES,
,REFERENCES,
,REFERENCES,
,REFERENCES,
,REFERENCES,
,REFERENCES,
,REFERENCES,
,REFERENCES,
,REFERENCES,
,REFERENCES,
,REFERENCES,
,REFERENCES,
,REFERENCES,
,REFERENCES,
,REFERENCES,
,REFERENCES,
,REFERENCES,
,REFERENCES,
,REFERENCES,
,REFERENCES,
,REFERENCES,
,REFERENCES,
,REFERENCES,
,REFERENCES,
,REFERENCES,
,REFERENCES,
,REFERENCES,
,REFERENCES,
,REFERENCES,
,REFERENCES,
,REFERENCES,
,REFERENCES,
,REFERENCES,
,REFERENCES,
,REFERENCES,
,REFERENCES,
,REFERENCES,
,REFERENCES,
,REFERENCES,
,REFERENCES,
,REFERENCES,
,REFERENCES,
,REFERENCES,
,REFERENCES,
,REFERENCES,
,REFERENCES,
,REFERENCES,
,REFERENCES,
,REFERENCES,
,REFERENCES,
,REFERENCES,
,REFERENCES,
,REFERENCES,
,REFERENCES,
,REFERENCES,
,REFERENCES,
,REFERENCES,
,REFERENCES,
,REFERENCES,
,REFERENCES,
,REFERENCES,
,REFERENCES,
,REFERENCES,
,REFERENCES,
,REFERENCES,
,REFERENCES,
,REFERENCES,
,REFERENCES,
,REFERENCES,
,REFERENCES,
,REFERENCES,
,REFERENCES,
,REFERENCES,
,REFERENCES,
,REFERENCES,
,REFERENCES,
,REFERENCES,
,REFERENCES,
,REFERENCES,
,REFERENCES,
,REFERENCES,
,REFERENCES,
,REFERENCES,
,REFERENCES,
,REFERENCES,
,REFERENCES,
,REFERENCES,
,REFERENCES,
,REFERENCES,
,REFERENCES,
,REFERENCES,
,REFERENCES,
,REFERENCES,
,REFERENCES,
,REFERENCES,
,REFERENCES,
,REFERENCES,
,REFERENCES,
,REFERENCES,
,REFERENCES,
,REFERENCES,
,REFERENCES,
,REFERENCES,
,REFERENCES,
,REFERENCES,
,REFERENCES,
,REFERENCES,
,REFERENCES,
,REFERENCES,
,REFERENCES,
,REFERENCES,
,REFERENCES,
,REFERENCES,
,REFERENCES,
,REFERENCES,
,REFERENCES,
,REFERENCES,
,REFERENCES,
,REFERENCES,
,REFERENCES,
,REFERENCES,
,REFERENCES,
,REFERENCES,
,REFERENCES,
,REFERENCES,
,REFERENCES,
,REFERENCES,
,REFERENCES,
,REFERENCES,
,REFERENCES,
,REFERENCES,
,REFERENCES,
,REFERENCES,
,REFERENCES,
,REFERENCES,
,REFERENCES,
,REFERENCES,
,REFERENCES,
,REFERENCES,
,REFERENCES,
,REFERENCES,
,REFERENCES,
,REFERENCES,
,REFERENCES,
,REFERENCES,
,REFERENCES,
,REFERENCES,
,REFERENCES,
,REFERENCES,
,REFERENCES,
,REFERENCES,
,REFERENCES,
,REFERENCES,
,REFERENCES,
,REFERENCES,
,REFERENCES,
,REFERENCES,
,REFERENCES,
,REFERENCES,
,REFERENCES,
,REFERENCES,
,REFERENCES,
,REFERENCES,
,REFERENCES,
,REFERENCES,
,REFERENCES,
,REFERENCES,
,REFERENCES,
,REFERENCES,
,REFERENCES,
,REFERENCES,
,REFERENCES,
,REFERENCES,
,REFERENCES,
,REFERENCES,
,REFERENCES,
,REFERENCES,
,REFERENCES,
,REFERENCES,
,REFERENCES,
,REFERENCES,
,REFERENCES,
,REFERENCES,
,REFERENCES,
,REFERENCES,
,REFERENCES,
,REFERENCES,
,REFERENCES,
,REFERENCES,
,REFERENCES,
,REFERENCES,
,REFERENCES,
,REFERENCES,
,REFERENCES,
,REFERENCES,
,REFERENCES,
,REFERENCES,
,REFERENCES,
,REFERENCES,
,REFERENCES,
,REFERENCES,
,REFERENCES,
,REFERENCES,
,REFERENCES,
,REFERENCES,
,REFERENCES,
,REFERENCES,
,REFERENCES,
,REFERENCES,
,REFERENCES,
,REFERENCES,
,REFERENCES,
,REFERENCES,
,REFERENCES,
,REFERENCES,
,REFERENCES,
,REFERENCES,
,REFERENCES,
,REFERENCES,
,REFERENCES,
,REFERENCES,
,REFERENCES,
,REFERENCES,
,REFERENCES,
,REFERENCES,
,REFERENCES,
,REFERENCES,
,REFERENCES,
,REFERENCES,
,REFERENCES,
