event_id,type,data,timestamp
mostly62-25ed-4fc5-9088-a3ea41efcba4,agent_connected,{'e_deey 'i_nti n:',2024-08-19T14:27:10.000
mostly30-50ec-46ed-95c3-64ab95d86c2e,_RARE_,{'taek_i:' ':aget_d  e,2024-08-30T09:04:36.000
mostlyb4-c723-4f80-b754-44cda051d9b8,agent_connected,{'aaocdt'  eai  t'''e,2024-08-19T14:27:10.000
mostly4e-3e98-4189-bb49-01156e1093b5,resource_allocated,{ast_d '''g_nt_ ny:'n,2024-08-19T14:27:10.000
mostly7d-de49-4d63-9f62-387da4e894b9,agent_connected,{'aot_c   ''dn' ',2024-08-19T14:27:10.000
mostly40-e08c-4021-ae97-c3c28e50fc0f,_RARE_,{'gsk_id ':i_ 'y 'e,2024-10-19T21:07:12.000
mostly57-0431-437f-bb93-911a641922a1,agent_connected,{'ge_dey  :agn_d'n,2024-08-19T14:27:10.000
mostly9e-b995-4af2-a5a1-96db28232d3c,_RARE_,{'aek_de:e '  e',2024-08-19T14:27:10.000
mostlyd0-9db6-4956-82b4-26a22dcc521e,_RARE_,{'aos_det'':aeid'',2024-08-19T14:27:10.000
mostly17-ba40-4afd-adef-80aff0f04146,task_started,"{'so_d:',''ae_' n's''",2024-09-19T02:44:41.000
mostlyc6-9887-41ad-85ab-5abc0b2fc965,agent_connected,{'tgsk__i::y'a_t_' e',2025-05-13T12:45:53.000
mostly1e-7f0c-4e9d-b145-bae464619046,agent_connected,{'et_cd::  : _:n''',2025-06-02T07:28:37.000
mostly32-7a02-4889-b190-e5b466784f80,_RARE_,"{'tee_c y,':'eadna:me",2024-08-19T14:27:10.000
mostly34-3f5d-4e96-bd2f-505cb153c694,task_started,{'aaotrie ':gin  m,2025-06-30T02:44:37.000
mostlyd1-7728-462c-890e-2d49a228ae75,_RARE_,{'tesn_rie::  :e_i n',2024-08-19T14:27:10.000
mostly0a-e363-4911-b118-7a20136ec388,_RARE_,"{aesn_ce:: , :'_' '",2024-08-19T14:27:10.000
mostly6b-f6ac-4b84-8eea-57e20c591ef1,task_started,{'anrce ' ':'e_i'k'',2025-02-07T09:13:27.000
mostlybb-b2af-478e-a3db-4c3e2a413af8,resource_allocated,{'ootrdd:t   :ien' e,2024-08-19T14:27:10.000
mostly18-9bab-4d50-af7d-fcbb994daa89,resource_allocated,"{'aenddt ,''e_id tas''",2025-06-30T02:44:37.000
mostly90-231d-4f63-8013-04821c42dd44,_RARE_,{'ge__cety ''_' ''n,2024-08-19T14:27:10.000
mostlyba-bb1b-49e4-967a-637971f4fcbc,resource_allocated,{'ge_rdt'' e_: a' e,2024-09-18T18:48:04.000
mostly33-9c5f-4f0c-beeb-d37a42e92943,agent_connected,"{'agst_e:ty   ee_d:,t' 'n",2024-08-19T14:27:10.000
mostly8e-4ff5-4ef4-8644-aab619448ea0,task_started,{'aeeiie''ind' a,2024-08-19T14:27:10.000
mostly07-eb24-4539-bad7-37d480d2758f,_RARE_,{'teeo_e:'   t' 'te ',2025-06-30T02:44:37.000
mostlyed-d16b-4662-8758-6d4e276a0846,_RARE_,"{'tsk_i':: ,''i'  a'",2025-03-02T11:44:32.000
mostlyee-7ae6-41c1-bafc-dad9da49d112,resource_allocated,{'asktrd' '  :ige:e'' ',2025-06-24T21:03:03.000
mostly8b-b6a1-4639-b9f2-99a4c7297f58,resource_allocated,"{'tso_r''e' ','ky''",2024-08-19T14:27:10.000
mostly71-3dd8-46a7-84db-f8854dfdbac8,agent_connected,{'aoso__dey  'a_''',2025-01-02T02:25:08.000
mostly2a-aa74-435a-9cd6-54a99639235c,resource_allocated,"{'goi: ,' aen 'e''''e",2024-08-19T14:27:10.000
mostlya0-0e6d-4676-b0c6-43386f4fc7a7,agent_connected,"{'aesn_''e ,'' n''",2024-08-19T14:27:10.000
mostly24-2076-453c-82fd-9d7b689d5be5,_RARE_,"{'aesi' ,':i_atd'n't' e",2024-08-19T14:27:10.000
mostly02-4772-43d5-a2a8-b6df44a3c7fd,_RARE_,{'tgo_d':y' _i''n,2024-09-05T04:17:04.000
mostlycd-63cc-495f-ab5f-aca8dfaca344,_RARE_,{'ost_c''y:n': n'',2024-09-30T13:35:15.000
mostly4f-28bb-44af-806c-fe8b3090e50a,agent_connected,{'oso__dd::y   a_ y'e,2024-08-19T14:27:10.000
mostlyd1-11b4-4a17-95e3-41444868b23b,_RARE_,{'oo__dd y   'eet_': 'e'' e,2024-08-19T14:27:10.000
mostly9f-bab1-426d-9f2c-56c517957d69,_RARE_,{'tgs_i': ' 'ia' ',2024-08-19T14:27:10.000
mostlyb9-4e9a-4f46-af29-3291c86df028,_RARE_,{'aest_id't' : '''ne,2024-08-19T14:27:10.000
mostly8e-36ea-473f-8799-eb83da82cfab,resource_allocated,{'tosktiid:t  :a' '''me,2025-04-17T10:09:58.000
mostlya7-5382-4b8f-851d-5fdf898f9644,_RARE_,{'ge_':'a 't'''m,2025-02-17T13:27:35.000
mostly8d-a906-4195-b137-9231c26810c4,_RARE_,{'gt_c:  'in_'n'''',2024-08-19T14:27:10.000
mostly7e-49b2-4944-9882-3a97e62da332,resource_allocated,{'gsid'':' igadnee,2025-05-06T04:27:25.000
mostly89-8180-4e48-a7b7-07cdb0ed5ab1,resource_allocated,"{'et_c' y,'at_i ' me",2024-08-19T14:27:10.000
mostly29-9cea-485e-b29f-00aaf3e972d1,agent_connected,"{'tasn_rc' , :aat_",2025-06-30T02:44:37.000
mostly18-19a6-4511-ad63-77d5237a227d,resource_allocated,{'aosot_id: ''i': 't',2024-08-20T14:27:43.000
mostly06-d393-459b-a98c-0e1634b98354,_RARE_,{'oeo_cdt' '' g_nt:'   ',2024-08-19T14:27:10.000
mostly6a-1202-4d9a-a196-03babc80af6d,_RARE_,"{'osotde:t  i_,'''e",2024-08-19T14:27:10.000
mostlyc4-a604-4133-8a26-a4fe44b2c71b,_RARE_,"{'te_rdd' ' ' eet_,e' '",2024-08-19T14:27:10.000
mostlyfc-268a-4a05-a8ea-8e000bed4731,agent_connected,{'gord: y 'ati': n''e,2024-08-19T14:27:10.000
mostlyfa-7f93-4984-873e-035a841438b1,_RARE_,"{'osnt_d:''':,t'''",2024-08-19T14:27:10.000
mostly7f-e0dc-464e-86f0-89ea6af04175,task_started,{'aos_d':  id'' '',2024-08-27T09:34:10.000
mostly3d-0187-4ed6-91fb-71ebf52bccc4,agent_connected,"{'teekie:':ati':,te'",2024-08-19T14:27:10.000
mostly8a-97a9-4049-a6e0-5681154fcac4,agent_connected,{'esrde'e '' nt_' ': ',2024-08-19T18:40:13.000
mostlycf-818b-49f6-9ba4-b52f445faca6,agent_connected,{'aeoide:'': gee_   ',2024-08-19T14:27:10.000
mostlyd2-ab80-4aa0-9ca8-444ec6cc00ed,resource_allocated,"{'tgso_ce:e ,''i_e_'sk",2024-08-19T14:27:10.000
mostly1a-6dd0-45fc-93f4-b0b30893d4aa,resource_allocated,{'oeorce'    ig'  'n,2025-01-20T11:36:51.000
mostly3f-ed19-46e3-9b44-4c1c50df8312,_RARE_,{'tes_ree'  'etin'',2024-08-19T14:27:10.000
mostlyd5-fe45-4168-bcd7-7255a2a6b873,agent_connected,{'aae__c': ' 'n_d'' ' n,2024-08-19T14:27:10.000
mostly21-6e8d-4b28-9d9f-decc40ebbd4e,_RARE_,"{'asktre , ''n'ne",2025-06-30T02:44:37.000
mostlyde-2e19-4ad9-98f3-fa264c9557dd,resource_allocated,{'sk_rie:' ' 'ni y''',2024-08-19T14:27:10.000
mostly6a-6fd8-4739-9103-eef80b4ecd32,_RARE_,{'ot_cd:e adn'',2024-09-05T15:33:24.000
mostly16-4578-4153-9b0d-8c9566a2a0c4,agent_connected,{'tetr 'g_n_i k ',2025-05-06T12:42:14.000
mostlydf-200a-45d8-95a7-926040cbaeec,_RARE_,{tek_i'':'''_et:'' me,2024-08-19T14:27:10.000
mostly1f-6da5-4802-9566-08401e12e132,_RARE_,"{'teeo_ri ,' d:''",2024-08-19T14:27:10.000
mostly1f-04a7-4753-a6e8-c613ed55ce1d,resource_allocated,{'aosk_it ig_'  ''' ',2024-08-19T14:27:10.000
mostly7c-890c-432f-87a6-c63e77f8ef59,agent_connected,{'aosn__cd: iet:  ''e,2025-06-30T02:44:37.000
mostlybe-5a2d-45ad-bc4c-1c2db171e9a6,agent_connected,{'tgsnt_ie':y ''n'e,2025-02-11T04:26:27.000
mostly4f-ed37-4c13-b417-0cff47543e66,_RARE_,"{'esoid y :a_ed' ,y'''",2024-08-19T14:27:10.000
mostly06-7e3d-4731-9f09-c1965ae982d9,_RARE_,"{'oeie',:'_' nasy",2024-10-11T14:10:07.000
mostly87-cc70-45d6-9d7d-f13ca309f14c,_RARE_,{'tgsore'e'': n''tne,2024-08-19T14:27:10.000
mostlydc-a610-41d3-bb54-231e4c1e426f,resource_allocated,{'osnid't  ''_'  teme,2024-08-19T14:27:10.000
mostly6d-3a8f-40f4-a903-ca8afc0154f8,agent_connected,{'n_id:'''i_'e  ',2024-08-27T05:41:56.000
mostly7c-f8ad-41ce-842d-2fc65bcdd2ce,_RARE_,{'tgktrd : a' 'ky ',2024-08-19T14:27:10.000
mostly51-b433-4635-956b-a3d19f3657b7,agent_connected,"{'osorcd't ' e' ,y '",2024-08-19T14:27:10.000
mostlya5-f4aa-4790-9859-3253020f4f63,agent_connected,{'een__de'' an',2025-05-19T21:50:09.000
mostly76-0426-4aa7-a684-b612b41b53d1,task_started,{'esn__de  ''nt_' k''',2024-08-19T14:27:10.000
mostly66-2c07-4a97-9b37-8ef33d3194e5,agent_connected,{'teenrd''e': n_d'  k 'e,2024-09-10T09:29:10.000
mostlya8-00e6-4a38-b7c0-7e4cc7f13b5b,agent_connected,{'aosorey':age   k' e,2024-08-29T08:51:10.000
mostlyaf-1742-4b13-82fb-892f5b54f86f,_RARE_,{'agk_iet'ga':t,2025-06-30T02:44:37.000
mostlyb0-341f-4c54-a839-73b23a3dc073,resource_allocated,"{'aatrc't',  _'ye ' e",2024-08-23T09:27:48.000
mostlyb4-7d13-4320-9082-144731217c16,resource_allocated,"{aaktre: ,': e'   '  '",2025-05-30T14:52:48.000
mostly76-ceab-47d9-a928-03f468bace2f,_RARE_,{'so_rceey a'n'e ',2024-08-19T14:27:10.000
mostly1f-57a8-4baf-9740-adc4ebfd8132,_RARE_,{'ok__e::':en' nse,2024-08-19T14:27:10.000
mostly67-1bda-41f1-905b-3073f91340e9,task_started,{'eent_dd:' ':ient' n',2024-08-19T14:27:10.000
mostly6d-b9bd-41f4-8d66-659b731ea93f,_RARE_,{'agek_rde  it:'',2024-08-19T14:27:10.000
mostlyf9-69de-4ec2-a5b2-3e90d2a3ac7e,_RARE_,{'oso_rdey  :'e,2024-08-19T14:27:10.000
mostly61-00c8-4474-ad7c-ad5a32e26fff,resource_allocated,{'aeotrde:    :ig'   e,2025-04-27T07:46:10.000
mostly9a-c5bd-407a-8cb5-306ea58c1194,resource_allocated,{'es_id: '_a_ ''''',2024-08-19T14:27:10.000
mostlya1-220b-491f-837e-71b49c5b6723,_RARE_,{'es_iet ': ent_n  e,2025-06-19T06:44:34.000
mostlyd5-a8a2-469c-910b-0c0d7443a3b5,_RARE_,{'gsrdet :'n_' n' n,2024-08-19T17:12:41.000
mostly43-679f-4a7e-b3b0-ecaea0d2a92d,resource_allocated,"{tokrd:t , :ain ne",2025-06-30T02:44:37.000
mostlyd5-2dec-4f9b-be72-31722b769ff6,resource_allocated,{'osni:e    nt''ta'  me,2025-06-30T02:44:37.000
mostlyfa-9397-4388-bdd5-ce2f6d167f6d,resource_allocated,{'gn_rcd:t'  'eain'e',2025-06-30T02:44:37.000
mostlycd-ada5-474f-a943-2e94ffeff37c,resource_allocated,{'osn_cd:e   _d': '  ',2025-06-30T02:44:37.000
mostly79-4cea-4d00-8914-9be62ba4b432,resource_allocated,"{'task__d':   ':ag_i, '",2024-08-30T20:21:46.000
mostly34-7f0d-49ec-b881-06d62251f2b5,_RARE_,{'aek_ic't ' at n' ne,2025-03-24T21:28:12.000
mostly8e-7d02-4729-bbfe-603ee653d5bb,_RARE_,{'tgs_dd '  '_ai: s,2024-08-19T14:27:10.000
mostlyd5-6b65-4e43-86c9-b3791ba24d3c,_RARE_,{'genidd:''n_ ntke ',2025-06-30T02:44:37.000
mostlyeb-f39e-4cf1-bf16-6e49014ed816,resource_allocated,"{'aaeri:: , : _d':n",2024-08-19T14:27:10.000
mostly38-7db0-45ab-96d1-c2e439f05150,agent_connected,{'toi:t ''t n'p'',2024-08-19T14:27:10.000
mostlycc-1ca6-4f8c-bf84-e45ad5b0505b,_RARE_,"{'gsrd' ,' a:",2025-05-15T16:27:10.000
mostly8e-939b-4530-a3a8-5c64a6a8fe64,_RARE_,{teeo_':y''a_''m,2024-08-19T14:27:10.000
mostlyd0-ff02-4851-86d4-327fadffb2ad,agent_connected,{'agotrie:ty'''_'n,2024-08-19T14:27:10.000
mostly4c-105f-4160-a149-4be1bf0037f2,agent_connected,{oenre:' 'at_dp' 'e,2024-08-19T14:27:10.000
mostly7a-5717-46ea-a789-610994b636e5,resource_allocated,{aoekt_   ''nt k' ne,2024-08-19T14:27:10.000
mostly27-ac13-47c4-8b25-55757cd20289,_RARE_,{'asrd': ''_: ''t'',2024-08-19T14:27:10.000
mostly4a-81ac-4e05-82a6-918d7fe06670,resource_allocated,"{'tesk_i' ', 'iat'n'tp'  e",2024-08-19T14:27:10.000
mostly45-e896-4abd-92bd-9e7f04b6b252,_RARE_,{'aesord'  'a_''':'e,2024-08-19T14:27:10.000
mostly73-dac1-4d71-acba-194be8cb341c,task_started,{'onrde':  'n_  ':'',2024-08-19T14:27:10.000
mostly66-25e1-411f-aa5e-78745e819e40,_RARE_,{'oekri:y igai:nke:,2025-05-19T21:44:10.000
mostly03-c65f-43f6-9af7-2d076cf5d277,_RARE_,"{'tgnt_  , t_i n':'e",2025-05-30T19:44:12.000
mostlyef-1889-4657-ba4f-c82dd23ed3c3,_RARE_,{'teen_':'' aeet': ' 'e,2024-10-27T09:13:58.000
mostlya1-9679-421c-b171-5260a5a3c893,resource_allocated,"{'gekrdd:y ':'_e_i ,''",2025-06-30T02:44:37.000
mostly4c-6531-4de8-b818-f5cfe029806d,_RARE_,"{'on_rce: ,get_n's'",2024-08-19T14:27:10.000
mostly42-8a9c-4f83-b1a0-400bc1bd4bc8,resource_allocated,{'etid'e    get_i ',2024-08-19T14:27:10.000
mostlydb-f336-4956-b844-4b6e71171cdd,_RARE_,{'asnt_e:  ': geid'n' e,2024-08-19T14:27:10.000
mostlye0-6c32-4908-b5e0-fbd6e4662aff,agent_connected,{'age_rid:  a_n_d n'e,2025-06-30T02:44:37.000
mostly71-5213-42be-972b-fda559665561,resource_allocated,{'oet_ie   '' e  a''e,2024-08-19T14:27:10.000
mostly29-697d-4a84-8d53-2731111d0a99,resource_allocated,"{'agerie ,'' e_''''",2024-08-30T06:44:31.000
mostlyd8-6ff8-44a2-92a3-5a28227eb966,resource_allocated,{'aoo_cd ' eai':n'',2024-08-19T14:27:10.000
mostly97-97df-4c0c-8598-9b9db421c198,resource_allocated,{'esotie: ' gaid t,2024-08-19T14:27:10.000
mostlyc3-b16d-4018-829b-7825cedf7109,resource_allocated,{'tgsn_rcde'  n_:   ',2024-08-19T14:27:10.000
mostly1a-19d2-4988-b272-019860743c99,task_started,{'s_id't  : _at_i':t,2024-09-19T05:23:31.000
mostlybd-f550-42ad-ba34-5f46f4126354,resource_allocated,"{'gsn_d' y '  _d,  me",2025-05-23T14:25:27.000
mostlye0-2bea-4b64-a5fd-881032739342,resource_allocated,{'eek_iid:ty  ad: k,2025-06-30T02:44:37.000
mostly5e-e661-48dd-ab94-c8fa2b90845a,agent_connected,{'geo_d'e   :a' 'ay,2024-08-19T14:27:10.000
mostly0a-945e-4af9-8f78-4f020b78ecd7,resource_allocated,{'taent_ce ':i_nt_: t:''e,2024-08-27T14:08:10.000
mostly81-f15c-460a-9465-efe6501afb71,agent_connected,"{'asn__ce'e ,a_d'''ne",2024-08-19T14:27:10.000
mostlya6-9192-473e-9973-955843781c2e,_RARE_,{'asrce' y ' ge_',2024-08-19T14:27:10.000
mostly93-8f96-443c-8c8c-e38a15efe315,resource_allocated,{'n_i:ty ' 'ni '' n,2024-08-19T14:27:10.000
mostlyd3-1ce7-4607-8904-69f00d8fe61a,agent_connected,"'asoict , 'it_i  m",2025-03-10T14:44:10.000
mostlya4-1b87-4d02-ad2a-a1d2185f6fb1,_RARE_,{agsoide' ' t_i': '',2025-03-19T16:16:10.000
mostlyfd-a8b4-4920-b6b4-6b5c780234fb,resource_allocated,{'gskridty    _i' y' 'm,2024-08-19T14:27:10.000
mostlycf-d561-4f26-bcf3-b684f23b7e12,_RARE_,{'aeot_dey  tdn'e,2024-08-26T21:31:29.000
mostlyf3-f21e-40a6-be5d-da8d914f3607,_RARE_,{'gskrce y 'aat': ''me,2024-08-19T14:27:10.000
mostly39-67d7-43ba-9484-b34498859df9,_RARE_,"{'aosnrid': ,''itd'nkem",2024-08-19T14:27:10.000
mostlyba-5d08-47b2-bc86-6e2c768c2904,agent_connected,{'ao__cd'  ':'nd ''',2024-08-19T14:27:10.000
mostlyef-01d0-4eb7-b598-8208aa0a59dc,_RARE_,{'g__c':e 't  e'',2025-06-23T14:56:18.000
mostly58-b888-40b1-b853-ca1e2d80e814,resource_allocated,"{'aek_t' : et,k",2024-08-19T14:27:10.000
mostlybd-e60b-4518-be66-e6b0b26a31a1,_RARE_,"{'eeiid' y, : _e_'",2024-08-19T14:27:10.000
mostlye2-46ea-4ae5-a73a-028fc65be0e8,agent_connected,"{'aoeot_i':  , :inti'  'e'",2025-05-21T09:42:21.000
mostlycd-7f72-42df-92e8-8bde49c07ad3,resource_allocated,{es_:  : gni': ',2024-09-30T14:33:06.000
mostly3c-5072-4355-aef4-da331920697a,resource_allocated,{'tasktrie   __id n 'e:'ne,2025-05-27T07:32:07.000
mostly40-d86c-43e2-91fb-72cf8f8d0f00,agent_connected,{'ekt_d :ani' n' n,2025-03-22T06:47:06.000
mostlyf0-c208-4b03-afa2-b4e144157627,_RARE_,{taeotrce '''at_',2025-06-05T14:28:12.000
mostlycb-7de0-4023-a588-6031247f5c4e,agent_connected,{'eo_rc':' '  a_i': n''',2024-09-19T16:13:13.000
mostly8c-5718-4445-98a1-cd6a7d6dbcf5,agent_connected,"{'aeo__i:ty, aget_id:n 'e",2025-06-30T02:44:37.000
mostlyb0-b2ae-4af9-ad7f-a724552c1822,task_started,"{'tet_ie:,:a'n''",2024-09-10T13:23:41.000
mostlyfd-b71a-4fc3-8d87-8d52f70fd9f6,_RARE_,{'agn__c''t'  ' nt_'',2024-08-19T14:27:10.000
mostlyb0-89f0-456a-839a-1ab6af823e26,agent_connected,"{'to_it, 'ga_d: ''n",2024-08-19T14:27:10.000
mostlye1-0581-45b7-bb9d-0109475bdb24,resource_allocated,"{'tonic' ,':a_n'",2025-06-30T02:44:37.000
mostly13-1e03-42d1-893c-ac466dd74272,_RARE_,{'teektrie '''igen_in'e' 'n,2024-08-19T14:27:10.000
mostly51-8035-45d3-b5c0-5ca544674e05,resource_allocated,{'gekic':y''ad 'pe',2025-05-23T14:22:15.000
mostly68-8bef-4b6e-99a1-b6dd6aa810a5,_RARE_,{'aesorit  'ie_': e',2024-08-19T14:27:10.000
mostly46-1255-4d80-9342-2ec5ac074a7a,agent_connected,{eskicd:' ':aenid' 'y'ne,2024-08-19T14:27:10.000
mostlyf2-5306-4e09-8c20-231ef332585e,_RARE_,{'tgsntrid'' ent  '' n,2024-08-19T14:27:10.000
mostlybe-714e-4bc0-8652-06cc8ff1051f,_RARE_,{os_ide:: ':a_i'ne,2024-09-09T09:44:30.000
mostly74-e20b-4ff6-8e0d-3df9d84f1305,resource_allocated,{e_ii  'ad:n''',2025-06-30T02:44:37.000
mostly33-0fb9-4556-be98-2a9b602a6de0,_RARE_,{'teot_d't  '  'ne,2025-06-18T02:30:56.000
mostly25-a77e-4734-bcbe-e2d3d0687f5c,resource_allocated,{'aa_id '' ea:'',2025-03-23T21:45:16.000
mostly2b-3e59-48d8-8f48-b872db8eb373,task_started,{'es_cd: ':__i:'' 'e,2024-09-03T13:39:31.000
mostly5b-27a6-490a-a32d-72dcc19b2e1f,_RARE_,{'en_d:'ge'n'k'',2025-06-30T02:44:37.000
mostlyd4-1ece-411f-bcb0-1224a885a86e,resource_allocated,"{'taso_d' ' 'ie','e",2024-08-19T14:27:10.000
mostlyef-1d81-4756-a147-ce8fedb83835,_RARE_,{'aosotridy :'t:n,2024-08-30T14:20:35.000
mostly7d-f63c-437a-b509-225101b4dced,agent_connected,{'at_ce '''n  k'' 'e,2025-06-30T02:44:37.000
mostlyf4-7f6e-46d7-8bd4-dae9b92ee3a0,_RARE_,{'tgsot_c'ey ':get_':p''',2024-08-19T14:27:10.000
mostly35-0e39-4224-a9d0-7165aaa92dea,resource_allocated,"{'oeo_det ,:aet': t:",2024-08-19T14:27:10.000
mostlyf9-b7fa-4308-863a-ac60f3c5ff20,resource_allocated,{'een__d':   ie' ''''',2024-09-30T16:12:13.000
mostlyea-a03e-4fac-9f7a-32847177e1b0,resource_allocated,{'aoentii:: ''a,2025-03-02T14:17:14.000
mostlya9-5888-4dbd-9a5f-1f18acbf5dfb,agent_connected,{'te_rde  '''i: 'n,2025-06-17T21:43:10.000
mostlye1-1b5f-4506-9597-2121b6481410,_RARE_,{'eet_d:'' ' nt'' 'e,2025-06-30T02:44:37.000
mostlya2-1f4b-438c-9a63-afcfec7af531,task_started,{'tesnic''t'   ani y:  m,2024-08-19T14:27:10.000
mostly9d-b746-4cb3-8f88-fb94589169e8,_RARE_,{'asnrid't  ' in_': k' ',2024-08-24T16:40:50.000
mostlyb3-859a-4bce-b1b2-41f6ed9e1eac,_RARE_,{'tosktriee  ': a' :'e,2024-08-19T14:27:10.000
mostlye4-b8ea-42ea-aff7-01159d664d52,agent_connected,{'oso_c':  ':igeei: nt',2024-10-05T14:48:10.000
mostlyab-ba92-4125-806e-a19dcb4b514c,resource_allocated,{'aerd'e  :'g_n_'  a,2025-04-19T14:56:24.000
mostly2e-2be6-4618-afe8-d33d70cc2439,agent_connected,"{'tgso_'t'ign' ,'':n",2024-08-19T14:27:10.000
mostlye1-1b8e-4c27-a8ba-80c4a8cb5f33,resource_allocated,"{'sktde,': at ,'''",2024-08-19T14:27:10.000
mostly8a-d224-49c8-960b-94451cf36c96,_RARE_,{'tgso_c:e   'g_nt ''e,2024-08-19T14:27:10.000
mostly42-e18d-40ae-a39d-ec9635b4c973,_RARE_,{'too_re' '' ad' 'y,2024-08-19T14:27:10.000
mostly0c-a87a-46a1-b6fc-51be21525826,_RARE_,"{'tgs__c:', 'in n'y''",2025-03-18T15:18:33.000
mostly53-ceea-4100-a84c-7bd840e86650,_RARE_,{'ost_i':   __',2025-01-30T08:20:37.000
mostlya0-9355-4ff7-aebc-9156cb0c7626,task_started,{'agstrde    en' 'n,2025-05-19T16:27:31.000
mostly44-2b8d-4558-809f-e308fe1d7cb7,_RARE_,{'eskr': ':'_nt' ' ',2025-01-15T14:49:28.000
mostlyf3-81ba-4ece-8696-1b50e3de6211,agent_connected,{'oenticd:t  ''ei'  'n,2024-08-19T14:27:10.000
mostlyeb-ecac-497c-b8f3-5845a7bdc625,resource_allocated,{'on_iie    a_i:''m,2024-08-19T14:27:10.000
mostly5c-ca92-432a-9416-b423c7fa53da,_RARE_,"{'aae_cety, ' etd y' 'e",2024-08-19T14:27:10.000
mostly2a-12b1-42e4-86d9-431134f60427,_RARE_,{'aoso_':'atd'',2024-08-19T14:27:10.000
mostly09-d0b3-46ea-a58e-53c49b41e632,resource_allocated,{aaordd'e 'i__i':'ne,2024-08-19T14:27:10.000
mostly67-025e-4d98-ad53-218f9be696f7,resource_allocated,"{'aekret',': g__: n''k ''n",2025-05-23T10:31:11.000
mostly54-c576-4b57-a209-e8b5545c22ae,resource_allocated,{tesn_i':'g_ 'y':',2025-06-30T02:44:37.000
mostly85-1f5f-4afd-831d-aa120faeaca6,_RARE_,{'esoic':' '  ge_' '':' ',2024-08-19T14:27:10.000
mostly09-0990-4abd-9f3a-16e80d4bc430,resource_allocated,"{'sn_id'e, ' _n_'  n",2025-06-02T09:55:34.000
mostly71-aeeb-43a6-abd7-d4754d44aa31,_RARE_,{'agsrdd'  ''iatid': ''e,2025-06-30T02:44:37.000
mostlye4-407b-4454-912e-de8a4d7f4843,_RARE_,{'aso_i'   _ ',2025-02-17T14:24:25.000
mostlyfc-7792-4ca2-bfba-ff0ab5fb7238,resource_allocated,{'aasnrdey  an: n '',2025-06-30T02:44:37.000
mostly9c-d003-4ae8-940f-49735fc5f9af,task_started,{'aasorc':  ''g_d'n'y',2024-08-19T14:27:10.000
mostly11-68d8-4fe7-a23e-db0d600bdd91,agent_connected,{'tgs__c':  '' nt''p',2024-08-19T14:27:10.000
mostly2e-f772-49d0-830f-179d5f2ecaf6,task_started,{'aaentie' 'ed,2024-08-19T14:27:10.000
mostly84-9731-48a5-bd94-2e9ef0206ac0,agent_connected,"{'esotrce:e','''eid'  'k'",2024-08-19T14:27:10.000
mostly78-eeaa-401a-b41b-754399f9efc9,agent_connected,"{'toeo__d':,' a_''e",2024-08-19T14:27:10.000
mostly18-25dd-46de-b08b-df9586e67483,resource_allocated,"{tokrie:t,'at:'pe'",2024-08-19T14:27:10.000
mostlyed-f969-4de0-b2a8-9eb5de33c3b9,_RARE_,{'gt_iee : at' ',2025-06-27T14:22:11.000
mostlya2-b791-4ea1-8e7c-02c5aad84a46,_RARE_,{'gn_dey 'iat' n',2025-05-21T06:31:37.000
mostly21-68d4-4ffb-972a-f38b547102b3,_RARE_,{'agst_ie'  _i:ntk'':'e,2024-08-19T14:27:10.000
mostly52-66ff-49e9-9e4b-3ea71fbdadd6,task_started,{'tokt_d':  :'_ad'n'ky,2025-06-30T02:44:37.000
mostly5a-2b00-4651-8207-51a2d7854e1a,task_started,{'oeri:' :'a'n''m,2025-06-30T02:44:37.000
mostlye5-39cc-441a-ab3a-d1cbb34239fd,_RARE_,{'task_id:  'ai':n' ne,2024-08-19T14:27:10.000
mostly37-8ddb-4ff5-b7af-9aab2cdd0bab,agent_connected,{'ed ':'g_':'t''',2025-06-30T02:44:37.000
mostly2e-e6c6-4642-b76f-a1cf5fd4830a,_RARE_,{'o__dd:  ''a  ''',2024-08-19T14:27:10.000
mostlyb3-20f3-4c04-962f-bc3eebe4e2fe,agent_connected,{'agso__ce: '_'n''e,2025-06-30T02:44:37.000
mostly7b-f13f-4faf-8220-3b909446a9ea,_RARE_,{'tgk_c:ty  nid't'',2025-06-30T02:44:37.000
mostly7f-4096-43fa-aa16-0a967eb9139e,_RARE_,{'eot_ce   ':at_d y'e,2024-08-19T14:27:10.000
mostly4b-0412-4599-9d5a-53f9fca3fec0,_RARE_,{'eside  ':g_ntn 'a'',2024-08-30T13:13:24.000
mostlyeb-6b2c-46c6-9b1d-613655874a47,task_started,{'tgeot_ce: y 'nina,2024-08-22T19:16:46.000
mostlya1-547d-446a-9347-724f5017c3b5,_RARE_,"'ski':  :a_e_d,e''n",2024-09-29T18:22:10.000
mostlyd5-1934-4146-9ad1-cff87cb91b8e,agent_connected,{'ak__ce::y   ageei' e'',2024-08-19T14:27:10.000
mostlyb0-2b72-4c4f-81f4-7e755a3e80cd,_RARE_,"{'gso_d:t ,  ien't'''",2024-09-16T09:22:55.000
mostlya8-ada6-4752-9365-c65735d929ec,_RARE_,"{'gn_ri'e,:ig_d:'''",2024-08-19T14:27:10.000
mostly59-b994-432c-a2c3-ca20d10a96cf,agent_connected,"{eot_i'e'  gnd' ,'': e",2024-10-30T14:04:05.000
mostlyf9-0670-4d9a-8b0e-3d486421f842,agent_connected,{'ageo_i: ' _n_i '': ',2024-08-19T14:27:10.000
mostlya2-d91d-4393-8aa3-55ebd9070f79,agent_connected,"{'teso__i' ',''a_a','''e",2024-08-19T14:27:10.000
mostly00-7089-4d4c-bd31-0653d7285c80,resource_allocated,{'asiie' '''e_ e,2024-08-19T14:27:10.000
mostly10-4ecb-4116-966f-321efdb84d4b,resource_allocated,"{'gso_id:e  ''e, t'''",2024-08-19T14:27:10.000
mostly84-fade-4baa-85ab-0e4315837ea4,_RARE_,{'tgeoiie   ':ae_i' te' 'e,2025-06-30T02:44:37.000
mostly6a-6b94-48d9-8376-f49bd2a4c202,resource_allocated,{'tgs_d'    geai ''m,2025-03-11T14:08:26.000
mostly67-dbd0-4867-8adf-f0c3ea9f550d,_RARE_,"{'aao_ie't ,':igee': '''n",2024-08-19T14:27:10.000
mostly9f-8734-41cd-88e7-0b0394413cf8,resource_allocated,{'askii y :ig_n_i: n 'e,2024-08-19T14:27:10.000
mostly06-c263-450a-a389-2f4779c9d44a,resource_allocated,{'agsn_rieti_eid'n''',2024-08-19T14:27:10.000
mostly35-dffb-4499-8fc1-434e9a6ad020,resource_allocated,{'oen_''   ' ged' ''e,2025-06-30T02:44:37.000
mostly6b-bf18-4be0-a939-693b078fff1b,_RARE_,{'esotrc''  ' 'y e,2024-08-19T14:27:10.000
mostly92-c8f4-4b8e-8502-e1c75e6ce323,resource_allocated,{'eor:  :'ni  a:',2024-08-19T14:27:10.000
mostly8c-aee8-420d-aff3-1c7f328da1f3,_RARE_,"{'en_ie'e','  nid,''",2024-08-19T14:27:10.000
mostly3b-21c5-419c-9b80-520829259e50,resource_allocated,{'eskiie'ey''etd'  'tak'e,2024-08-19T14:27:10.000
mostly6c-0676-4aa8-89fd-8f1a26410bf2,agent_connected,{'tot_i'e' ''ag_d' ty',2024-08-19T14:27:10.000
mostlyad-ca39-47d0-9540-71312a306a95,agent_connected,"{'taso__i''t 'eni: ,'",2024-08-19T14:27:10.000
mostlyb5-74ce-4682-ae10-29321d9227af,resource_allocated,{'ost_d:  a_t'  ',2025-06-30T02:44:37.000
mostlycb-a68e-41e8-a35c-afd85017015b,resource_allocated,"{'aosri'e',' _at_','e",2024-08-19T14:27:10.000
mostlyd2-988d-466c-b01d-b0df1ecb3f73,agent_connected,{'aotit'in k'' ',2024-08-19T14:27:10.000
mostlye3-16c9-415c-ba71-2ffdb400048b,_RARE_,{'aeso_'  'i_n '''e,2025-05-30T16:39:53.000
mostlyd9-bc16-4ad1-a2ba-8951fdccf7bd,_RARE_,{'taeo_rc't  'gn_id: nt,2024-10-24T16:48:55.000
mostly2a-b785-4e23-9a5f-9a64dd65be1b,_RARE_,"{'asotrd': ',''t_d': n' ''",2025-06-30T02:44:37.000
mostly25-b631-482e-9e06-7b3c9b742ae6,_RARE_,{'tesn__d ':inti ' 'e,2025-06-30T02:44:37.000
mostly55-d59b-4651-a7de-c8fa0b8bbfec,agent_connected,{aootrd't' 'ea_d' e:',2024-08-19T14:27:10.000
mostlyca-830a-4f65-b639-4e4883ae0a39,_RARE_,{'tgek_': 'ani '' e,2024-08-19T14:27:10.000
mostlyce-6c3e-42df-8d45-3acd67d8f6b6,resource_allocated,{'esord'ey'' at_''e,2024-08-19T14:27:10.000
mostlya9-1f9d-4b2a-992d-7ec80efb71c4,agent_connected,"{'oe_it , ' en_'y'''",2024-08-19T14:27:10.000
mostlyb4-d85c-4fbc-9090-0c5ead5430dc,agent_connected,{'astrcd  'ageet':'ap',2024-09-20T14:32:25.000
mostlyf8-b351-48c2-8eba-213b2b14e974,task_started,{'toskrd:y ' _' '',2024-08-19T14:27:10.000
mostly57-5981-48c2-bfae-cde86d2a910e,resource_allocated,"{'oek_rce:ey,  ad': ''se'",2024-10-02T14:54:44.000
mostlyff-3625-4e74-9c58-3c972d8024b8,resource_allocated,{'tosk_cet'''gti': t',2025-01-26T10:48:16.000
mostly71-4a8e-48b6-9d23-ec9c1019573c,agent_connected,'eo_ic'e  end:  e''',2025-01-03T14:21:52.000
mostlyda-1ee8-4cb3-91b9-315c16f7fa79,resource_allocated,{'gktic  :y,2024-08-19T14:27:10.000
mostly1c-dba2-4b5c-b1dd-ac52c6b44931,_RARE_,"{'tgnic':: ,'  i 'e",2024-08-19T14:27:10.000
mostly58-a374-4799-9cf2-6766498b5d6f,_RARE_,{'eoiid::    at_ ',2025-06-13T16:35:31.000
mostlyd2-f533-4b8d-ba66-db7ffacc430c,agent_connected,{'osr'': ''_at ''te''e,2024-08-19T14:27:10.000
mostlyc5-a76c-4761-a76e-24e99b97d34a,resource_allocated,{'tgen__c'': ':at_: ',2025-06-30T02:44:37.000
mostly0c-4130-486a-a70d-4a517c31a1c7,resource_allocated,{'toeo_idt' :'n':',2024-08-19T14:27:10.000
mostlyfd-ba29-4b13-b6c8-5d9315919fb6,_RARE_,{'aek_id't ''g' '',2024-08-19T14:27:10.000
mostly76-eb7f-4a1d-86bb-5d6f6ee781f6,_RARE_,{'aask_rde: :'e_' 'tay e,2025-01-30T11:55:30.000
mostly1e-f800-4bb7-8c74-dd46af5d7371,agent_connected,"{'aask_iee  : t_,tk '",2024-09-19T16:32:25.000
mostly8a-d9e7-4c2c-ab4f-397d680ae7d4,_RARE_,"{'ektiid:t':in_d',pe me",2025-06-30T02:44:37.000
mostlya2-7165-4743-81c5-0bd990b1148b,_RARE_,"{'aer::',  _i' n'  '",2025-03-17T16:45:58.000
mostly41-c2e4-44e0-ab50-774055478d1a,agent_connected,{'aaeo_r':t''ageti' n,2024-08-19T14:27:10.000
mostly4d-d5aa-4a37-a3be-bf26a3610ee6,agent_connected,{'aso_d: 'at_i n'tk',2024-08-19T14:27:10.000
mostlyed-06b5-4ff9-a2ff-1c86ede740c1,_RARE_,{'gi: '  : ni': n'ae',2024-08-19T14:27:10.000
mostlyb3-4c49-478b-9251-ba17077da9df,agent_connected,{'agskr'ey  :ige_d':n''''e,2024-09-19T03:37:20.000
mostly14-f424-4688-983d-ba0473cd7399,_RARE_,"{'te_ri'ty, :igat' '",2025-06-30T02:44:37.000
mostlyb6-0915-42e3-9a53-8e35108f9d25,resource_allocated,"{'tosktrie:, :_' n'",2024-08-19T14:27:10.000
mostly94-ee66-4c8c-8a98-6f622897d2db,_RARE_,"{'toen__d': ,'ty",2024-08-22T11:22:48.000
mostly6a-693f-44cd-8df0-a53af8c87c6c,resource_allocated,{'gsn_e:t :a_': 'k',2024-08-19T14:27:10.000
mostly36-c5b2-42f3-a273-3a9c6b7a2250,task_started,{'aasntii::'' ignt_: tak' ',2025-06-30T02:44:37.000
mostlyf5-e7af-47e7-a6cd-a8c4dcf63374,_RARE_,{aet_cd::'' _i' ny'',2024-08-19T14:27:10.000
mostly5e-dd4c-46bb-b3d1-bc6283a72c52,resource_allocated,{'agen_d' y  e n'a,2024-08-19T14:27:10.000
mostlyd0-df56-4251-a73f-c6b81dc4f20b,_RARE_,{'to_dt ''iet ''',2024-08-19T14:27:10.000
mostlyc2-3d4b-4c22-a27d-360a99966bab,task_started,"{'tgs_id   '_','''",2024-08-19T14:27:10.000
mostlyfd-51c2-4010-9f9d-ea9302de76d3,resource_allocated,{'oret  'andp',2025-05-04T10:46:21.000
mostly7b-c2b0-44d7-ae3b-7420db26688a,resource_allocated,{'os__e':'  gti': ': m,2025-03-15T02:27:19.000
mostlya3-5ced-48ea-81fc-d21c2a111a45,_RARE_,{'ae__dde  :ie ne'',2024-08-19T14:27:10.000
mostlyb3-4175-4d50-a407-8bd3825351ae,_RARE_,{'gsk_c' ' :aei:',2024-08-19T14:27:10.000
mostly1c-4bb3-4930-b4cb-52d952e8a248,resource_allocated,{'eerieey a'',2025-04-18T18:43:15.000
mostly4f-4fda-429f-b5d7-598a5293a20b,agent_connected,{'eoid     _tde,2024-08-19T14:27:10.000
mostly8c-2e39-4de0-b6f7-e4bf0c7a397f,agent_connected,"{'asori  ,': ead''''e",2024-08-19T14:27:10.000
mostlyce-2dd2-4401-98ee-ed8ff7b23f27,agent_connected,{'aeoidt'': ad' 'te',2024-08-19T14:27:10.000
mostly92-47ed-416d-b629-a0a7e668756b,_RARE_,{'oorce:t 'a__ke,2024-08-19T14:27:10.000
mostly2a-e5bb-4cf7-bd2c-7575eddf44c6,resource_allocated,{'aosoiie':  :'d' ''',2025-05-17T09:09:41.000
mostly97-d8ef-4e6b-8de2-c049bfe2cb97,_RARE_,{'aask__ie:  'ga:n' e,2024-08-19T14:27:10.000
mostly49-c8a5-4e9b-beae-a3f5a7322bf5,resource_allocated,'tan_idt''' g_a_:n'',2025-06-04T14:34:28.000
mostly7f-ec01-41ce-8620-7db4d36cdb64,resource_allocated,"{'ago__i''t,  a_i n't'e",2025-05-23T14:25:25.000
mostly5c-f9c6-4f1d-963f-9c87478b6bf4,_RARE_,{'as_ie  'g_t_'n'e'e,2025-06-30T02:44:37.000
mostly4b-80b3-4861-8a40-dd2d9c4508bd,resource_allocated,{'aso_dt'' e_d 't' 'e,2024-08-19T14:27:10.000
mostly0f-c698-4dcd-8ec9-69295e1915d8,_RARE_,"{'enie ,''a_ ': n",2025-05-30T06:07:14.000
mostly36-78a2-4ef7-843e-cd606715c12b,task_started,'tgsie:  'igatd' ''pe:'e,2024-08-25T17:42:43.000
mostly5c-fce8-4e77-b364-58c92220d140,resource_allocated,"{'oekrc: ,  _ nt'''",2025-06-27T14:16:12.000
mostlyb8-8470-4915-8d03-5dcb441aa1c5,_RARE_,{'taskrd:: ' gtd': ''s  m,2025-05-15T16:23:57.000
mostlyee-2449-466a-a166-d2db981b4b43,resource_allocated,"{'esnt_ce: ,'n e",2024-08-19T14:27:10.000
mostlyca-13ad-48b8-abe4-db31e476559c,agent_connected,{'oen_ce''' n_d'te,2025-06-19T21:06:16.000
mostly9f-af66-411b-8cca-e5eed2e5abf4,resource_allocated,{'teen_c' y ie''p'me,2025-06-30T02:44:37.000
mostly50-a83c-4ced-be34-7fabf76c886f,_RARE_,{'sn_c::  ' n'  'ty''me,2025-06-30T02:44:37.000
mostlya9-d4ba-4a3e-96a4-cbfef0d822da,agent_connected,{'a_dee :iatid'tyene,2024-08-19T14:27:10.000
mostlybf-8b17-47c1-ad12-68ba7cbdd9e6,task_started,{'ok__:     _tid'y'ne,2024-08-19T14:27:10.000
mostly58-a185-415a-bd33-26cfd1bb07c1,resource_allocated,{'toskide:  :'eai'k  ',2024-08-30T14:29:48.000
mostlyd3-07bb-492f-b9d2-07a5c6f07848,_RARE_,{'te_: y :'n_i'ne'e,2025-01-11T06:03:06.000
mostly62-43fb-463f-933e-bfabaafb6d89,resource_allocated,{'sn_rce:    ' ge' n'',2024-08-19T14:27:10.000
mostlyb5-cd50-4e9b-bff7-d35d5aadf508,agent_connected,{'gsotrc: y 'ag_''y':m,2025-06-30T02:44:37.000
mostly01-884b-44ae-b153-5300726ec26f,_RARE_,"{'taen__c:', :_at'nt'ne",2025-01-27T14:20:28.000
mostly1d-6125-452c-8104-594871131830,_RARE_,{'soi'' y a_i '',2024-08-30T09:06:55.000
mostly5b-ca7a-43cc-b137-cc111ffc7b3a,agent_connected,"{'teo__id ''i_nt_:,''",2024-08-19T14:27:10.000
mostly7d-36ee-4df1-847e-e12c0d61406f,_RARE_,{'tesk_ce:t  ei'  ''ayp' n,2025-06-30T02:44:37.000
mostly11-a371-480a-b390-e667656cd173,_RARE_,{'oe_i''   nt_ ''e,2025-01-19T18:07:23.000
mostly95-49e1-4227-9228-4dbdf77c50f9,agent_connected,{'aarie't  'i_tye ',2024-08-30T14:38:36.000
mostly37-e65e-4366-895d-007772af417a,agent_connected,{'as_ii't ':'_n:,2024-08-19T14:27:10.000
mostlyd5-d1cf-476c-88df-aeb6f05c5b14,agent_connected,{'st_id'  ' en,2024-08-19T14:27:10.000
mostlya1-7321-4429-bec4-47b19bb15d2a,_RARE_,"{'agen_e' y, 'inti'  'ay",2024-08-19T14:27:10.000
mostly4e-d2bc-49b7-ad4f-e160cbcbe3f7,resource_allocated,{'a__cd'   :'_' e':  m,2025-06-30T02:44:37.000
mostlyc4-2825-4b59-a25c-4abb25107a9b,agent_connected,"{'aast_ie:: , :ae_dnye n",2024-09-05T03:28:35.000
mostly1b-53dd-4b47-ab9d-a54b7a9aaafe,_RARE_,{'gsn_id::y '_t_': 'e',2025-05-09T13:27:34.000
mostlyd3-0ac2-4490-a00b-b504cfa55579,agent_connected,"{'aesrd' ',' _t_d:n''",2024-08-27T16:49:17.000
mostlyea-0392-4bb9-8e01-e3834b82b283,agent_connected,"'so_ide',' __d ''m",2025-06-05T04:10:39.000
mostlyec-2c85-4b17-b9c0-50f14ba3ffaf,resource_allocated,{'gek_ce y'  at' n'ty'e,2024-08-19T14:27:10.000
mostly6c-8bad-4f10-974a-66f8d48abbff,resource_allocated,{'eent_i'ey''ee'''e,2024-09-24T06:18:10.000
mostlyb4-25dc-40fc-89ae-68b08d6bd59d,agent_connected,{'ae_et '  ge_ na' e,2024-08-19T14:27:10.000
mostly24-ab1e-489a-9a7e-d5d70b86a259,_RARE_,{'gso_d:y  :'_''',2024-08-19T14:27:10.000
mostly67-bb3e-479f-beec-1490a9978b91,_RARE_,"'eeo_i':t',''_ ''ne",2025-06-30T02:44:37.000
mostlydf-bd65-4a88-85e3-d1e81adb31d9,agent_connected,{'e__d: y agti'''e,2024-08-19T14:27:10.000
mostlye3-7fe4-46d4-bb91-fb047a9f7b01,_RARE_,{'ek_d: ':i_ni tm,2024-08-19T14:27:10.000
mostlye2-2df8-4809-aaca-35462bd2dc12,_RARE_,"{'os__dd: , 'iat_id",2024-10-30T09:29:14.000
mostly2e-383a-42dc-91d8-581205a1c30c,_RARE_,{'eo_ri:e'''id' n''''e,2024-08-19T14:27:10.000
mostly5a-6558-49bf-9366-ea3e2857a4e7,agent_connected,{'eeoide: dna,2024-08-19T16:45:22.000
mostlya5-c5fc-4768-a3c0-23a818faf504,resource_allocated,"{'esn__i:  'int_,''ne",2024-08-19T14:27:10.000
mostly54-4834-4e9d-ba38-08477b0fee68,resource_allocated,{'aeeorid't'':a__''e''e,2024-08-19T14:27:10.000
mostly67-d55b-4010-832a-7f87eed1fd80,resource_allocated,{'toek_de':' 'en_'':' e,2024-08-19T14:27:10.000
mostly28-ce8c-43da-a43a-ec4e4eda4880,_RARE_,"{'toeo_cet,:n: ''",2024-08-19T14:27:10.000
mostly17-510d-4857-9686-85a3311aa4c7,_RARE_,{'ao_c::   'aet'  y'' ',2024-08-19T14:27:10.000
mostlye3-30d0-4059-8db0-b9f791ffd2f2,_RARE_,"{tosk_ri , :ig_nte: e",2025-06-15T14:17:10.000
mostly64-9100-41a0-9f87-f05f7589f430,resource_allocated,{'gs_eey 'aeid' '':'',2025-06-30T02:44:37.000
mostlyd8-df4e-43d8-918f-daf14dec7aa0,_RARE_,{'teekri::' '_:'t':,2024-08-19T14:27:10.000
mostly14-7996-4908-b702-9bc1480ac885,resource_allocated,{'agekrd: ' :atd ''t,2024-08-24T11:27:25.000
mostlye3-14ce-4775-a62a-1df2a318d04c,_RARE_,{ae__ie  _id'',2025-04-29T18:28:55.000
mostlyfb-eabd-4d48-ba26-46b39ece8baf,_RARE_,{'tgekt_ce   at nk'',2024-08-19T14:27:10.000
mostly2b-1f12-477c-babd-868af7953322,resource_allocated,{'gstri '  _':,2024-08-19T14:27:10.000
mostlye1-fb3d-41ea-8051-99204fdc31a6,_RARE_,{'esodt : n_d''y'',2024-08-30T13:03:10.000
mostlyf7-4bbe-4ec1-97ac-d47c30c66f1c,resource_allocated,{'tgeotrit :g_'n't:'n,2025-06-30T02:44:37.000
mostlyfc-3f97-4688-828f-83d7a86894f1,_RARE_,{'aeorde':   'i_''',2025-06-02T14:45:55.000
mostlyc9-455a-41e5-889a-933ed0057985,_RARE_,{'eetridty  n_' 'te,2025-06-30T02:44:37.000
mostly06-3333-457a-a642-f9505e67da08,resource_allocated,"{'osktrd::,''i_i' 'ta''e",2024-08-19T14:27:10.000
mostly40-9da2-4e10-90a7-78c081c9a9e8,_RARE_,{'et_i::' gad:ne,2025-05-08T08:05:32.000
mostly92-395e-4316-a0c6-d6696956f08b,_RARE_,"{'aeo:ey,'i__i' ''",2025-06-30T02:44:37.000
mostly39-c507-43f4-b2d9-f5b88d9d10ef,task_started,"{tosot_e y,'atd:n's':e",2024-09-06T02:42:47.000
mostly86-7fd0-405d-b958-278717c8db94,_RARE_,"{'tgsre:, :iid' e:",2024-08-19T14:27:10.000
mostly2d-4920-4592-b3aa-024ba3f6ec84,agent_connected,"{'tes__dd':y,  atp' '",2025-06-30T02:44:37.000
mostlyc9-a275-41af-8360-49f2a2c8c202,agent_connected,{'teeor:y ' _tn':,2024-08-19T14:27:10.000
mostlya3-ab49-497a-94f2-7d30a56084ab,resource_allocated,"{'enid'e, : eed' ':''",2024-08-19T14:27:10.000
mostlya6-7fdf-4ed2-b372-bb6ec7ac342b,resource_allocated,{'e_dd :nti: 'e ',2024-08-19T14:27:10.000
mostly29-dcd2-4638-add1-9ff9e7883111,agent_connected,{'aaeo__de':''_nd'n ''e,2024-08-19T14:27:10.000
mostly29-d5f9-43cd-8b9e-32f19c9a2b3d,task_started,{'tgskic: '  ga_' n'm,2024-08-19T14:27:10.000
mostly7c-80ea-474e-8649-af5abb2a55ff,resource_allocated,{'aeo_ce:  ai':'',2024-08-19T14:27:10.000
mostly18-69a4-4b6c-aecb-49229d82c085,_RARE_,"{'aesn_cd:t', '_td: ''ne",2024-08-19T14:27:10.000
mostlye0-ae8e-4ce3-a675-5dfb7785b5e4,_RARE_,{'osoidd'e''i__'  'e e,2024-09-06T02:45:46.000
mostlya4-160e-42c2-8ad5-9fdfd2379438,resource_allocated,{'eeot_e    nt_d p''',2024-08-19T14:27:10.000
mostly6c-4dbd-49c2-8dd0-8ed294942868,_RARE_,{gso_i'' y 'a_d':n's ''',2025-06-30T02:44:37.000
mostly91-ed89-4a48-9b5d-43fa91dae445,_RARE_,{aontret ':n': 'e',2024-08-30T07:27:51.000
mostlye8-f918-4385-a842-0bedd507770d,agent_connected,"{'aastiie: ',': eti': n'",2024-08-19T14:27:10.000
mostlye2-a9c0-446d-964e-90cbe53a7c85,_RARE_,{'aosk_dt  'at'n''',2024-08-19T14:27:10.000
mostly57-38ce-450c-976d-d208a1406bac,agent_connected,{'eo_dty ':age: '' m,2024-09-30T15:40:35.000
mostlyb8-f5d1-424a-b373-0fafe9663160,task_started,{'aeo__de: a_d'  '''e,2024-08-19T14:27:10.000
mostlybd-2fc0-4d2b-8c23-788bfa9fb0f7,_RARE_,"{'esrde:ty,' g_n':''",2024-08-19T21:03:18.000
mostly98-23b0-4208-b059-b8f063a9d518,resource_allocated,{'ta_ie::y  'i_t_i' ''m,2025-06-30T02:44:37.000
mostly78-fa57-4ef8-aae8-0c646d15c8e5,_RARE_,{'esnrde':'' ea_d' n 'e:  ',2024-08-19T14:27:10.000
mostly53-2c37-42b6-967b-098f6f14519a,agent_connected,{'agkicde    ieid' 't  ',2024-10-19T14:44:56.000
mostly22-0fdd-40af-83ac-d74cd476a2a5,task_started,{'tgs__d'    en_'''',2025-05-30T16:12:29.000
mostlybc-d735-4cc7-9daf-bf899201687c,agent_connected,"{'aask__id:t'  i,''' 'e",2024-08-19T14:27:10.000
mostly60-5c9f-4d9e-aa68-8dc6430ff749,task_started,"{'gsn_rid ,':atd' ,'ae",2025-05-28T21:17:21.000
mostly50-fb3c-403a-b23f-d1ff0e7dab37,resource_allocated,"{'en_'t' ''a_a_ , t''' m",2024-08-19T14:27:10.000
mostly46-2be2-432e-97c7-810cf9f863bf,resource_allocated,"{'go_e't' ae','e'",2025-06-30T02:44:37.000
mostly52-ba17-4ddd-b64a-702be3e435b2,_RARE_,"{'aosrce ,':a_e_d': 'e:e",2024-08-19T14:27:10.000
mostly4c-3199-4709-a4e6-368cfb3ada03,_RARE_,{'ask__ce  'nt_ t',2025-06-30T02:44:37.000
mostly25-523f-4586-a489-b67ab0446913,resource_allocated,"{'tosn_ie':  '_id , n",2025-06-17T13:56:27.000
mostlyd0-d198-435b-aee9-4306d369b74e,_RARE_,"'gsr: y,: eatdn",2024-08-19T14:27:10.000
mostly2b-ddeb-4a42-8ec2-91bfca77ee1e,resource_allocated,{'tgeo_c:y'' ee '',2025-06-30T02:44:37.000
mostly0e-2946-4711-a6f4-4723f2a3e057,agent_connected,"{'tgo_ic':y,:aea:n'' m",2024-08-19T14:27:10.000
mostly7f-affe-42ea-8eaa-62651f3e51b5,resource_allocated,"{'geo_e't ,'i_e_'n't m",2025-06-30T02:44:37.000
mostly8c-ce0f-4283-9562-effc67d4c566,resource_allocated,"{'gntrdd:',  '_ k",2025-06-30T02:44:37.000
mostlya6-c3d6-4084-bd52-2423db7fc136,_RARE_,{'een__cdt 'nti'ye'm,2025-06-19T21:27:10.000
mostly04-55e7-47a0-a1e7-5ae2743dbbf9,_RARE_,{'oot_iet    en nay'',2025-06-30T02:44:37.000
mostlye8-2422-4eb9-ba54-c60f01e36340,resource_allocated,{'osk_d'::''id''' '',2025-04-30T18:41:10.000
mostlyf8-5aec-4838-9211-49005dc63d9a,_RARE_,"{'gsi'::',  'g_a t''",2025-06-30T02:44:37.000
mostly9e-f9ff-462b-9418-418f5a6869d0,resource_allocated,{'gsnic'  'a__da'  ',2024-08-19T14:27:10.000
mostly09-6082-422e-b558-910bccac722e,resource_allocated,{'oso__ie  ''igd s'',2024-08-19T14:27:10.000
mostlyc2-9cef-465c-a975-b7925e4515ec,task_started,{'oso_id   i_'  ''m,2024-08-19T14:27:10.000
mostlyd5-50ce-4f86-9636-0c0a7ad4dc0c,_RARE_,{'tosk_c   d  ''ts'',2024-08-19T14:27:10.000
mostly5d-63b8-4738-a299-1be469108aaf,resource_allocated,{'eeii: ''e: t''',2024-08-26T09:39:31.000
mostlybc-c54b-4ae5-83c1-2488c4653735,resource_allocated,{'taso__c't  : ' k'':'',2024-08-19T14:27:10.000
mostly14-e056-447d-97eb-85147658c143,resource_allocated,{'gerde':y  : eid' ':',2024-08-19T14:27:10.000
mostly3d-fd17-48cc-9106-d7829a1a42eb,task_started,"{'aosoi':y, :atd' ,'as'' '",2025-05-18T13:27:20.000
mostlycf-1ead-4950-82cb-9903630acc4a,agent_connected,{'oek_c'e  '_aid 'e  'e,2024-08-26T03:31:10.000
mostlyb7-b4b8-4e99-bd94-5a2110b66128,_RARE_,{'anid:  ':'n_:na''n,2025-03-27T14:27:28.000
mostlyac-1867-4750-853f-bddf915c66cb,resource_allocated,{'tgeoic':y ':aat_'  te,2024-09-30T10:31:28.000
mostlybc-6297-44a4-b8d2-fe09fe7a40fd,resource_allocated,"{tesk_rid y, :a_i''m",2024-08-19T14:27:10.000
mostly50-ed43-485b-b119-697a4ceaeb6b,_RARE_,{'es_id::y'''ai',2024-08-19T14:27:10.000
mostly12-0e13-4e34-b946-7c66276db785,_RARE_,{'aast_it   a'',2024-08-19T14:27:10.000
mostlyf3-64b7-45f4-93eb-74a17f98ba79,resource_allocated,{'taekt_ce y 'in_'''',2025-06-19T08:22:29.000
mostly0e-43bb-4e92-8779-2207ba31af84,task_started,{'toskiey ' 't_'ny'm,2024-08-19T14:27:10.000
mostly36-5b58-4439-82f6-2dd0cc369a10,_RARE_,{'osoiie:   'aetid'ntp''',2025-02-02T19:18:17.000
mostly6c-85df-4028-8c04-8c82b73ef79d,agent_connected,{'gskt_dd':' '''a_ n  'e,2024-08-19T14:27:10.000
mostly47-018b-4efe-b89d-bb43c8714f9a,task_started,{'eekrdet' _nt_d''''',2024-08-19T14:27:10.000
mostlycf-4fe9-4b37-8cdf-2020d65661c4,_RARE_,{'as_d':t' ''_nid' ',2024-08-19T14:27:10.000
mostly72-9854-4350-b6c8-022238bc9864,agent_connected,"{'teso_e:ey,'_nd ''",2024-08-19T14:27:10.000
mostly78-b7c4-4041-b394-dd5aebf0b5cf,resource_allocated,{'oektice  ''e_' 'p ',2024-08-19T14:27:10.000
mostly7c-d9c9-4626-bb27-16bbfb2da795,_RARE_,{'ot_i''t    a ny'n,2024-08-30T17:11:53.000
mostly0a-5271-4d1a-9c6e-789c4c405546,resource_allocated,"{'een_i  e: ,k   e",2025-05-30T02:44:53.000
mostly6e-9a14-47f1-acfb-8112012397b6,resource_allocated,{'aoso_':  'etd'  'a:',2024-08-20T14:40:10.000
mostlya0-9ef1-420e-a39e-40c022ef52b4,resource_allocated,"{'tosotii't,': n' nt'm",2024-08-19T14:27:10.000
mostly8b-7fef-42eb-938e-b34da034aec5,_RARE_,{'oso_et' ie_da' n,2024-08-19T14:27:10.000
mostlycd-da97-4be2-819c-87eed9a76ca9,task_started,{'age__cee' ''in_i: 'a',2024-08-23T06:47:44.000
mostly74-2cc1-4dd2-9ae9-491bb00d3b0c,task_started,"{'toeot_c''t,''nt n '",2024-08-30T03:28:06.000
mostlyf3-d271-47e4-8653-c9ce91161f8b,resource_allocated,{'tosoii't'':t_':  'e,2025-05-19T02:55:37.000
mostlyd8-440c-4726-8166-0fd7f2864150,_RARE_,"{'tgen__de':, : at_: ke'n",2025-01-11T11:04:30.000
mostly50-610f-43ac-aa5d-dab06c1a5eb6,_RARE_,{'tgri':y''nt_'n'k'' e,2024-09-30T17:29:10.000
mostlycb-2d14-48f3-8456-62ba1c5a8068,agent_connected,{'tok_dee   'n_'ntas,2024-09-30T22:34:10.000
mostlyc9-8ad0-4940-bf9a-03155919b0ba,_RARE_,{'oskrey : ed '''' e,2025-06-22T02:34:35.000
mostly05-3643-48bc-8d24-77151a8e472c,_RARE_,{'aeo_d' ''_'  '': e,2024-08-19T14:27:10.000
mostlyed-29d5-4fc7-a66e-5de0bd11d3b6,_RARE_,{'gsk_c'::y ae_'',2025-05-27T09:26:34.000
mostlydc-03c5-4689-8f5f-45c5eb47a797,_RARE_,'ae_i   'i_nid: 't''m,2025-02-19T16:03:34.000
mostlyf9-6053-4eb5-8cdc-4d4910fa64c8,_RARE_,"{'osniie'e' 'aa', '''",2025-06-30T02:44:37.000
mostly97-0b8d-41cd-aee1-3d1f008f611f,resource_allocated,{'gn_rc:t'' in_d' 'pe,2025-06-11T18:53:36.000
mostlydd-d377-4390-8e52-adeebe7db464,agent_connected,{'aes_d' 'aed' ty'',2025-06-30T02:44:37.000
mostlya0-86ee-4447-90e1-fb6f7a8ab54c,_RARE_,{'geo_ie' '':ie:ne,2025-06-30T02:44:37.000
mostly35-b1d4-43c9-93fe-36ba5bb40b74,agent_connected,{'aoek_dde   i  te''',2024-08-30T17:20:23.000
mostlyc3-4bbc-4349-9621-87c511d576e2,_RARE_,{'agk_rd:     gent'ntp,2024-08-19T14:27:10.000
mostly90-e12a-4b60-a716-9cf27147535a,_RARE_,{'aosntre'    'igea't':',2024-08-19T14:27:10.000
mostlyd1-9fb1-4eab-b37c-d5f8eade2c40,_RARE_,{'gen_cd:e  :ieidnt'',2024-08-19T14:27:10.000
mostly34-1532-4eed-aad9-a697df2c0c81,_RARE_,{'tosnt_e  : nt'''',2024-08-19T14:27:10.000
mostlyfb-4ecb-444e-bf32-cf179d10fea6,_RARE_,{aaeori''ty :an'':,2025-06-30T02:44:37.000
mostly02-56c5-4c06-9247-2e30011fe6ee,agent_connected,{'toeorid   ' a_':''',2024-08-19T14:27:10.000
mostlyad-e569-47f1-b086-9193d5a96d76,resource_allocated,{'gsn_ice:t' :_nt'ape' ne,2025-06-05T14:32:36.000
mostlye2-7238-489c-94bd-50f904557c2f,_RARE_,'en_d:t ': e_ ''',2025-06-30T02:44:37.000
mostly42-19f5-441d-a703-0c74d07d3877,task_started,"{'aekie't ,  ae'' e",2024-08-27T17:27:31.000
mostly4d-972b-4cd8-bba3-454a9f2bca04,resource_allocated,{'asnidee  'gati ',2024-08-19T14:27:10.000
mostly0e-9df2-4a42-93ce-1a40b30503f6,task_started,{'agk_icd: y :aen '',2024-08-19T14:27:10.000
mostlyf7-0992-427f-af55-666f0e75b73c,resource_allocated,{'aoskrid:y ''aa'e' 'm,2024-08-19T14:27:10.000
mostlyb1-7b1e-40af-9a9e-b2f2beb9b0e3,task_started,"{'an_d ,'' _idn' 'e",2024-08-27T12:27:23.000
mostlyab-4919-41f1-80c3-07a97e09e2c0,_RARE_,{'aesk_c':ty  :agei':s' ',2025-06-30T02:44:37.000
mostly77-73a3-4a70-b0f0-e066903ee76d,_RARE_,{'aoek_dd'e   'e_' '',2025-06-30T02:44:37.000
mostly4d-8290-4a9a-958c-f1d03f88ad3c,resource_allocated,"{'aasotrddt  'a_e' ,'t'm",2024-08-20T14:53:10.000
mostly92-024e-47d4-8e67-dd68077afc4e,_RARE_,{'ton_'ey   n_i'',2024-08-19T14:27:10.000
mostly33-543c-4531-9825-c208f442aa41,resource_allocated,{'taeo__i ' _ npe',2025-06-30T02:44:37.000
mostlye8-7008-4786-a9c8-77328d249b43,task_started,{'osoice:e' ' i_' n:'e,2025-04-16T12:45:28.000
mostly15-1439-46c2-862c-c3f21b6d726e,agent_connected,{'tok__ct  e'n ''ne,2025-06-30T02:44:37.000
mostly53-a977-4c12-802e-ea5aadf8f447,_RARE_,{'tgeort e   e,2024-08-19T14:27:10.000
mostlyea-0206-41c5-86e3-74dd0707d3e3,_RARE_,"{'eso_rde:: , 'ie_'''''",2025-01-19T02:39:07.000
mostlyea-067d-41e7-850d-0d7669e85131,_RARE_,"{'so_idty, ig_d n''''m",2024-08-19T14:27:10.000
mostlyb0-c63a-42d3-932d-a8d96931ab19,_RARE_,{'taot_i''t'  aid tp' e,2024-10-20T17:32:10.000
mostlyb9-e113-45ab-8d76-304200742b37,resource_allocated,{'gk__':e'' gat'',2024-08-19T14:27:10.000
mostlyf0-91ef-47d6-a5b6-2e9c0b7c8fdc,_RARE_,{'agn_d:y '''at':n'p''',2025-06-30T02:44:37.000
mostly5c-0d5e-4cfb-87eb-3b3a83ef8a2d,task_started,"{'oe__i'':',  en_ 'y '",2024-08-19T14:27:10.000
mostly5f-da37-4f12-8161-80d112ead0b0,_RARE_,{'tgorid't  enid' y'',2024-08-19T14:27:10.000
mostlyf8-f51e-4c61-a7b7-ec00e8aa6955,resource_allocated,{'asoticet': e' ''''ne,2025-06-30T02:44:37.000
mostly31-9f86-480a-926f-492b0aa41a5a,_RARE_,{'asn__d: igt_ '''e,2024-08-30T21:42:58.000
mostly02-0cc5-4b62-9059-d4031ed2e596,resource_allocated,{'aesotre  'iet''e,2024-08-30T02:03:11.000
mostly67-11fc-447d-8983-17a89d102130,_RARE_,{'oekrc::  ''iat' p'',2024-08-19T14:27:10.000
mostlya1-3442-4189-8e67-cc989f3a5ae7,resource_allocated,{'tesn_rcd' y ' a_k'',2024-08-19T14:27:10.000
mostly15-fdc2-48da-8f1a-f2a82d15fae5,_RARE_,{'gn_rcd:' :eed: ' 'e,2024-09-08T13:45:33.000
mostly82-8b6f-4265-bc97-26886cf1c505,agent_connected,{'agsoticd   :i_nd n'':  ',2024-08-19T14:27:10.000
mostly38-c8a6-4b3a-b16c-34f233136f8d,agent_connected,"{'asrde': _t_d,''':'",2025-06-30T02:44:37.000
mostly7f-1a47-4af8-ba11-cedf95996411,_RARE_,{'oeo_r':  :eti'  ',2024-08-19T14:27:10.000
mostlyfa-55d1-4174-a44c-64a8c5744074,resource_allocated,"{'toso__id':', 'eid'e' 'e",2024-08-26T14:45:57.000
mostly2c-13a1-4f67-bbe0-2e46595f1d89,task_started,{'tgek_c'  ieet''sp''ne,2024-08-19T14:27:10.000
mostly79-ccf7-4bce-8a2e-e7b0801e442b,_RARE_,{'gk_cd:ey''igd' ' 'e,2025-01-02T14:29:15.000
mostly56-a4ad-41c9-90ec-f0f0d6e6419e,agent_connected,{'eerc':  '' d''sk 'e,2025-01-19T09:44:37.000
mostly7b-51fd-414b-8328-d21fbd58b468,_RARE_,{'aso_c:e'aa_  tk':,2025-05-03T14:27:36.000
mostly98-0764-4515-a189-518dcc3c51d9,_RARE_,{'aasot_d': '   et_':se ',2025-06-30T02:44:37.000
mostly10-0b28-4388-8d9e-3b147a34cffa,resource_allocated,"{'ok_d'' ,' a_  'a'e",2024-08-19T14:27:10.000
mostly81-8528-4219-b52f-a86a09229058,_RARE_,'tg_c''e'_ y'',2024-08-19T14:27:10.000
mostlydb-e8f0-431d-a75a-3f1d8a9110a2,agent_connected,{'tosnrcdt   :'n_''' ',2024-08-19T14:27:10.000
mostly18-bb71-4bb0-bc08-c1760b8fc5c4,task_started,{'o_'t'':'e_ a,2024-08-19T14:27:10.000
mostly6e-2668-44ef-ad1b-f78414b4eade,agent_connected,{'aesorde' :i_a':n' 'm,2025-05-05T03:44:10.000
mostlyc9-4fe2-41d4-ab6c-d52a402ce81c,_RARE_,"{'toso_ri't , :'n':n' '",2024-08-19T14:27:10.000
mostlyf5-3ffd-49bf-9bce-0af8b43cadbe,task_started,{'tgsot_dd' y gin'''e,2024-08-19T14:27:10.000
mostly4f-1ec5-42f3-bc4b-a7419eddfbd0,_RARE_,{'tokt_d':t' etid'n'a: 'e,2024-08-19T14:27:10.000
mostly5c-0cce-4ed9-9edc-ba2e7722af92,_RARE_,{'asn_ct':aat_i'' e,2024-08-19T14:27:10.000
mostlya6-715f-4b73-8c1d-c539ad832aa7,agent_connected,{'too_r':y':ag_in',2024-08-19T14:27:10.000
mostly6e-35f4-4a24-bb3c-519a24a4b83d,agent_connected,"{'ago__cd , 'ad 't '",2025-06-19T12:41:10.000
mostly64-361b-4184-9eb4-b20927ad88a3,agent_connected,{'toort ''_eid''''e,2024-08-19T14:27:10.000
mostlye5-3900-4fa7-91ed-24fa4b818304,task_started,{'g_id::'   ni' n,2025-06-30T02:44:37.000
mostlya0-6971-4c90-827f-e9e8d2105f6d,agent_connected,{oso_idty   'nd   ' n,2025-06-30T02:44:37.000
mostly79-093c-4100-a180-9b8e321d85ee,resource_allocated,"{'aaso_d:t,':ge' a:'",2024-08-19T14:27:10.000
mostlyf7-27de-4e7d-9fe1-12b8da08cd53,_RARE_,"{agektree , i_id':naye",2025-02-26T12:28:54.000
mostlyae-5b07-43a3-8c7c-036d1fd9fc71,_RARE_,"{'toskrd':y,n_  '",2024-08-19T14:27:10.000
mostly57-25a0-49e2-8f04-4e234a72f63c,resource_allocated,{'osotict':i_: nt'',2025-05-26T15:43:40.000
mostlyc7-3ae6-49bc-a617-f44631336853,_RARE_,{'tonrd': :iged'n''  m,2024-08-19T14:27:10.000
mostlybb-1590-4a08-82f2-36b249d64bc2,resource_allocated,{'toeord: 'a_ti':nt',2025-03-02T18:17:17.000
mostly37-d9bc-49db-8026-0c67728f4ad8,_RARE_,"{'aosn_eei_a_, ''",2025-05-20T16:31:19.000
mostlyc3-92a9-4c05-98dd-259a111be799,task_started,"{'oso_'::  ''nt','e",2025-06-18T16:08:31.000
mostlyba-13b9-4058-b8c4-e1bbd39a2f6e,task_started,{'aosoid y ee'n''e,2024-08-19T14:27:10.000
mostly53-7242-4917-8f24-20e8e3f1868a,_RARE_,{'ageic't'ent_d'ye',2024-08-26T13:44:28.000
mostlyea-769b-45f4-b978-ea758eabf04b,_RARE_,{'aoeoii't   'geed'e'' '',2024-08-19T14:27:10.000
mostly8d-a0bd-49fd-8e2f-8542585ada36,_RARE_,"{'so_c'ey, i_t:n'e'' e",2024-09-02T04:18:48.000
mostlyea-7da7-485e-af9d-37511815975b,agent_connected,{'gk_c''ey :ant '',2025-05-30T14:44:24.000
mostlya5-8f28-4919-bd69-f11b6221b3ab,_RARE_,{'askr:y  'agn',2025-06-17T19:03:41.000
mostlydf-75fd-45d2-af75-bc957519d590,_RARE_,{'ageorc''   ': t_n'' e,2025-06-30T02:44:37.000
